,Station_ID,PM2.5,0,1,2,3,4,5,6,7,8,9,10,11
0,1,1.0,0.0,2.0,1.0,0.482903634688,0.110325210492,-0.223975272141,0.869167262979,1.09895615303,2.31636922551,33939.7661037,20320.1481707,87838.4928124
1,1,1.0,0.0,2.0,2.0,0.482903634688,0.110325210492,-0.352091114449,0.869167262979,1.09895615303,1.02386643853,33939.7661037,20320.1481707,41504.8656071
2,1,1.0,0.0,2.0,0.0,0.482903634688,0.110325210492,0.365700150866,0.869167262979,1.09895615303,0.872465881193,33939.7661037,20320.1481707,38730.8556608
3,1,1.0,0.0,2.0,1.0,0.482903634688,0.110325210492,0.631509958808,0.869167262979,1.09895615303,0.867425574777,33939.7661037,20320.1481707,42580.4214871
4,1,1.0,0.0,2.0,0.0,0.482903634688,0.110325210492,0.0444538897516,0.869167262979,1.09895615303,1.35741330709,33939.7661037,20320.1481707,44788.0428176
5,1,1.0,0.0,2.0,2.0,0.482903634688,0.110325210492,-0.116271568053,0.869167262979,1.09895615303,0.878996370863,33939.7661037,20320.1481707,25333.8645109
6,1,1.0,0.0,1.0,2.0,0.482903634688,-0.223975272141,-0.352091114449,0.869167262979,2.31636922551,1.02386643853,33939.7661037,87838.4928124,41504.8656071
7,1,1.0,0.0,1.0,0.0,0.482903634688,-0.223975272141,0.365700150866,0.869167262979,2.31636922551,0.872465881193,33939.7661037,87838.4928124,38730.8556608
8,1,1.0,0.0,1.0,1.0,0.482903634688,-0.223975272141,0.631509958808,0.869167262979,2.31636922551,0.867425574777,33939.7661037,87838.4928124,42580.4214871
9,1,1.0,0.0,1.0,0.0,0.482903634688,-0.223975272141,0.0444538897516,0.869167262979,2.31636922551,1.35741330709,33939.7661037,87838.4928124,44788.0428176
10,1,1.0,0.0,1.0,2.0,0.482903634688,-0.223975272141,-0.116271568053,0.869167262979,2.31636922551,0.878996370863,33939.7661037,87838.4928124,25333.8645109
11,1,1.0,0.0,2.0,0.0,0.482903634688,-0.352091114449,0.365700150866,0.869167262979,1.02386643853,0.872465881193,33939.7661037,41504.8656071,38730.8556608
12,1,1.0,0.0,2.0,1.0,0.482903634688,-0.352091114449,0.631509958808,0.869167262979,1.02386643853,0.867425574777,33939.7661037,41504.8656071,42580.4214871
13,1,1.0,0.0,2.0,0.0,0.482903634688,-0.352091114449,0.0444538897516,0.869167262979,1.02386643853,1.35741330709,33939.7661037,41504.8656071,44788.0428176
14,1,1.0,0.0,2.0,2.0,0.482903634688,-0.352091114449,-0.116271568053,0.869167262979,1.02386643853,0.878996370863,33939.7661037,41504.8656071,25333.8645109
15,1,1.0,0.0,0.0,1.0,0.482903634688,0.365700150866,0.631509958808,0.869167262979,0.872465881193,0.867425574777,33939.7661037,38730.8556608,42580.4214871
16,1,1.0,0.0,0.0,0.0,0.482903634688,0.365700150866,0.0444538897516,0.869167262979,0.872465881193,1.35741330709,33939.7661037,38730.8556608,44788.0428176
17,1,1.0,0.0,0.0,2.0,0.482903634688,0.365700150866,-0.116271568053,0.869167262979,0.872465881193,0.878996370863,33939.7661037,38730.8556608,25333.8645109
18,1,1.0,0.0,1.0,0.0,0.482903634688,0.631509958808,0.0444538897516,0.869167262979,0.867425574777,1.35741330709,33939.7661037,42580.4214871,44788.0428176
19,1,1.0,0.0,1.0,2.0,0.482903634688,0.631509958808,-0.116271568053,0.869167262979,0.867425574777,0.878996370863,33939.7661037,42580.4214871,25333.8645109
20,1,1.0,0.0,0.0,2.0,0.482903634688,0.0444538897516,-0.116271568053,0.869167262979,1.35741330709,0.878996370863,33939.7661037,44788.0428176,25333.8645109
21,1,1.0,2.0,1.0,2.0,0.110325210492,-0.223975272141,-0.352091114449,1.09895615303,2.31636922551,1.02386643853,20320.1481707,87838.4928124,41504.8656071
22,1,1.0,2.0,1.0,0.0,0.110325210492,-0.223975272141,0.365700150866,1.09895615303,2.31636922551,0.872465881193,20320.1481707,87838.4928124,38730.8556608
23,1,1.0,2.0,1.0,1.0,0.110325210492,-0.223975272141,0.631509958808,1.09895615303,2.31636922551,0.867425574777,20320.1481707,87838.4928124,42580.4214871
24,1,1.0,2.0,1.0,0.0,0.110325210492,-0.223975272141,0.0444538897516,1.09895615303,2.31636922551,1.35741330709,20320.1481707,87838.4928124,44788.0428176
25,1,1.0,2.0,1.0,2.0,0.110325210492,-0.223975272141,-0.116271568053,1.09895615303,2.31636922551,0.878996370863,20320.1481707,87838.4928124,25333.8645109
26,1,1.0,2.0,2.0,0.0,0.110325210492,-0.352091114449,0.365700150866,1.09895615303,1.02386643853,0.872465881193,20320.1481707,41504.8656071,38730.8556608
27,1,1.0,2.0,2.0,1.0,0.110325210492,-0.352091114449,0.631509958808,1.09895615303,1.02386643853,0.867425574777,20320.1481707,41504.8656071,42580.4214871
28,1,1.0,2.0,2.0,0.0,0.110325210492,-0.352091114449,0.0444538897516,1.09895615303,1.02386643853,1.35741330709,20320.1481707,41504.8656071,44788.0428176
29,1,1.0,2.0,2.0,2.0,0.110325210492,-0.352091114449,-0.116271568053,1.09895615303,1.02386643853,0.878996370863,20320.1481707,41504.8656071,25333.8645109
30,1,1.0,2.0,0.0,1.0,0.110325210492,0.365700150866,0.631509958808,1.09895615303,0.872465881193,0.867425574777,20320.1481707,38730.8556608,42580.4214871
31,1,1.0,2.0,0.0,0.0,0.110325210492,0.365700150866,0.0444538897516,1.09895615303,0.872465881193,1.35741330709,20320.1481707,38730.8556608,44788.0428176
32,1,1.0,2.0,0.0,2.0,0.110325210492,0.365700150866,-0.116271568053,1.09895615303,0.872465881193,0.878996370863,20320.1481707,38730.8556608,25333.8645109
33,1,1.0,2.0,1.0,0.0,0.110325210492,0.631509958808,0.0444538897516,1.09895615303,0.867425574777,1.35741330709,20320.1481707,42580.4214871,44788.0428176
34,1,1.0,2.0,1.0,2.0,0.110325210492,0.631509958808,-0.116271568053,1.09895615303,0.867425574777,0.878996370863,20320.1481707,42580.4214871,25333.8645109
35,1,1.0,2.0,0.0,2.0,0.110325210492,0.0444538897516,-0.116271568053,1.09895615303,1.35741330709,0.878996370863,20320.1481707,44788.0428176,25333.8645109
36,1,1.0,1.0,2.0,0.0,-0.223975272141,-0.352091114449,0.365700150866,2.31636922551,1.02386643853,0.872465881193,87838.4928124,41504.8656071,38730.8556608
37,1,1.0,1.0,2.0,1.0,-0.223975272141,-0.352091114449,0.631509958808,2.31636922551,1.02386643853,0.867425574777,87838.4928124,41504.8656071,42580.4214871
38,1,1.0,1.0,2.0,0.0,-0.223975272141,-0.352091114449,0.0444538897516,2.31636922551,1.02386643853,1.35741330709,87838.4928124,41504.8656071,44788.0428176
39,1,1.0,1.0,2.0,2.0,-0.223975272141,-0.352091114449,-0.116271568053,2.31636922551,1.02386643853,0.878996370863,87838.4928124,41504.8656071,25333.8645109
40,1,1.0,1.0,0.0,1.0,-0.223975272141,0.365700150866,0.631509958808,2.31636922551,0.872465881193,0.867425574777,87838.4928124,38730.8556608,42580.4214871
41,1,1.0,1.0,0.0,0.0,-0.223975272141,0.365700150866,0.0444538897516,2.31636922551,0.872465881193,1.35741330709,87838.4928124,38730.8556608,44788.0428176
42,1,1.0,1.0,0.0,2.0,-0.223975272141,0.365700150866,-0.116271568053,2.31636922551,0.872465881193,0.878996370863,87838.4928124,38730.8556608,25333.8645109
43,1,1.0,1.0,1.0,0.0,-0.223975272141,0.631509958808,0.0444538897516,2.31636922551,0.867425574777,1.35741330709,87838.4928124,42580.4214871,44788.0428176
44,1,1.0,1.0,1.0,2.0,-0.223975272141,0.631509958808,-0.116271568053,2.31636922551,0.867425574777,0.878996370863,87838.4928124,42580.4214871,25333.8645109
45,1,1.0,1.0,0.0,2.0,-0.223975272141,0.0444538897516,-0.116271568053,2.31636922551,1.35741330709,0.878996370863,87838.4928124,44788.0428176,25333.8645109
46,1,1.0,2.0,0.0,1.0,-0.352091114449,0.365700150866,0.631509958808,1.02386643853,0.872465881193,0.867425574777,41504.8656071,38730.8556608,42580.4214871
47,1,1.0,2.0,0.0,0.0,-0.352091114449,0.365700150866,0.0444538897516,1.02386643853,0.872465881193,1.35741330709,41504.8656071,38730.8556608,44788.0428176
48,1,1.0,2.0,0.0,2.0,-0.352091114449,0.365700150866,-0.116271568053,1.02386643853,0.872465881193,0.878996370863,41504.8656071,38730.8556608,25333.8645109
49,1,1.0,2.0,1.0,0.0,-0.352091114449,0.631509958808,0.0444538897516,1.02386643853,0.867425574777,1.35741330709,41504.8656071,42580.4214871,44788.0428176
50,1,1.0,2.0,1.0,2.0,-0.352091114449,0.631509958808,-0.116271568053,1.02386643853,0.867425574777,0.878996370863,41504.8656071,42580.4214871,25333.8645109
51,1,1.0,2.0,0.0,2.0,-0.352091114449,0.0444538897516,-0.116271568053,1.02386643853,1.35741330709,0.878996370863,41504.8656071,44788.0428176,25333.8645109
52,1,1.0,0.0,1.0,0.0,0.365700150866,0.631509958808,0.0444538897516,0.872465881193,0.867425574777,1.35741330709,38730.8556608,42580.4214871,44788.0428176
53,1,1.0,0.0,1.0,2.0,0.365700150866,0.631509958808,-0.116271568053,0.872465881193,0.867425574777,0.878996370863,38730.8556608,42580.4214871,25333.8645109
54,1,1.0,0.0,0.0,2.0,0.365700150866,0.0444538897516,-0.116271568053,0.872465881193,1.35741330709,0.878996370863,38730.8556608,44788.0428176,25333.8645109
55,1,1.0,1.0,0.0,2.0,0.631509958808,0.0444538897516,-0.116271568053,0.867425574777,1.35741330709,0.878996370863,42580.4214871,44788.0428176,25333.8645109
56,2,0.0,1.0,2.0,1.0,0.482903634688,0.276112437046,-0.277995897817,1.15052653568,1.2643782156,2.66504426038,33939.7661037,45931.4682361,118781.264008
57,2,0.0,1.0,2.0,2.0,0.482903634688,0.276112437046,-0.211924790581,1.15052653568,1.2643782156,1.17798550652,33939.7661037,45931.4682361,17905.3174653
58,2,0.0,1.0,2.0,0.0,0.482903634688,0.276112437046,0.744921941297,1.15052653568,1.2643782156,1.00379514779,33939.7661037,45931.4682361,13364.8314865
59,2,0.0,1.0,2.0,1.0,0.482903634688,0.276112437046,0.704878348282,1.15052653568,1.2643782156,0.997996141507,33939.7661037,45931.4682361,10295.6382721
60,2,0.0,1.0,2.0,0.0,0.482903634688,0.276112437046,0.721137431326,1.15052653568,1.2643782156,1.56174002969,33939.7661037,45931.4682361,46376.363889
61,2,0.0,1.0,2.0,2.0,0.482903634688,0.276112437046,-0.00879187332626,1.15052653568,1.2643782156,1.01130864944,33939.7661037,45931.4682361,37158.5288062
62,2,0.0,1.0,1.0,2.0,0.482903634688,-0.277995897817,-0.211924790581,1.15052653568,2.66504426038,1.17798550652,33939.7661037,118781.264008,17905.3174653
63,2,0.0,1.0,1.0,0.0,0.482903634688,-0.277995897817,0.744921941297,1.15052653568,2.66504426038,1.00379514779,33939.7661037,118781.264008,13364.8314865
64,2,0.0,1.0,1.0,1.0,0.482903634688,-0.277995897817,0.704878348282,1.15052653568,2.66504426038,0.997996141507,33939.7661037,118781.264008,10295.6382721
65,2,0.0,1.0,1.0,0.0,0.482903634688,-0.277995897817,0.721137431326,1.15052653568,2.66504426038,1.56174002969,33939.7661037,118781.264008,46376.363889
66,2,0.0,1.0,1.0,2.0,0.482903634688,-0.277995897817,-0.00879187332626,1.15052653568,2.66504426038,1.01130864944,33939.7661037,118781.264008,37158.5288062
67,2,0.0,1.0,2.0,0.0,0.482903634688,-0.211924790581,0.744921941297,1.15052653568,1.17798550652,1.00379514779,33939.7661037,17905.3174653,13364.8314865
68,2,0.0,1.0,2.0,1.0,0.482903634688,-0.211924790581,0.704878348282,1.15052653568,1.17798550652,0.997996141507,33939.7661037,17905.3174653,10295.6382721
69,2,0.0,1.0,2.0,0.0,0.482903634688,-0.211924790581,0.721137431326,1.15052653568,1.17798550652,1.56174002969,33939.7661037,17905.3174653,46376.363889
70,2,0.0,1.0,2.0,2.0,0.482903634688,-0.211924790581,-0.00879187332626,1.15052653568,1.17798550652,1.01130864944,33939.7661037,17905.3174653,37158.5288062
71,2,0.0,1.0,0.0,1.0,0.482903634688,0.744921941297,0.704878348282,1.15052653568,1.00379514779,0.997996141507,33939.7661037,13364.8314865,10295.6382721
72,2,0.0,1.0,0.0,0.0,0.482903634688,0.744921941297,0.721137431326,1.15052653568,1.00379514779,1.56174002969,33939.7661037,13364.8314865,46376.363889
73,2,0.0,1.0,0.0,2.0,0.482903634688,0.744921941297,-0.00879187332626,1.15052653568,1.00379514779,1.01130864944,33939.7661037,13364.8314865,37158.5288062
74,2,0.0,1.0,1.0,0.0,0.482903634688,0.704878348282,0.721137431326,1.15052653568,0.997996141507,1.56174002969,33939.7661037,10295.6382721,46376.363889
75,2,0.0,1.0,1.0,2.0,0.482903634688,0.704878348282,-0.00879187332626,1.15052653568,0.997996141507,1.01130864944,33939.7661037,10295.6382721,37158.5288062
76,2,0.0,1.0,0.0,2.0,0.482903634688,0.721137431326,-0.00879187332626,1.15052653568,1.56174002969,1.01130864944,33939.7661037,46376.363889,37158.5288062
77,2,0.0,2.0,1.0,2.0,0.276112437046,-0.277995897817,-0.211924790581,1.2643782156,2.66504426038,1.17798550652,45931.4682361,118781.264008,17905.3174653
78,2,0.0,2.0,1.0,0.0,0.276112437046,-0.277995897817,0.744921941297,1.2643782156,2.66504426038,1.00379514779,45931.4682361,118781.264008,13364.8314865
79,2,0.0,2.0,1.0,1.0,0.276112437046,-0.277995897817,0.704878348282,1.2643782156,2.66504426038,0.997996141507,45931.4682361,118781.264008,10295.6382721
80,2,0.0,2.0,1.0,0.0,0.276112437046,-0.277995897817,0.721137431326,1.2643782156,2.66504426038,1.56174002969,45931.4682361,118781.264008,46376.363889
81,2,0.0,2.0,1.0,2.0,0.276112437046,-0.277995897817,-0.00879187332626,1.2643782156,2.66504426038,1.01130864944,45931.4682361,118781.264008,37158.5288062
82,2,0.0,2.0,2.0,0.0,0.276112437046,-0.211924790581,0.744921941297,1.2643782156,1.17798550652,1.00379514779,45931.4682361,17905.3174653,13364.8314865
83,2,0.0,2.0,2.0,1.0,0.276112437046,-0.211924790581,0.704878348282,1.2643782156,1.17798550652,0.997996141507,45931.4682361,17905.3174653,10295.6382721
84,2,0.0,2.0,2.0,0.0,0.276112437046,-0.211924790581,0.721137431326,1.2643782156,1.17798550652,1.56174002969,45931.4682361,17905.3174653,46376.363889
85,2,0.0,2.0,2.0,2.0,0.276112437046,-0.211924790581,-0.00879187332626,1.2643782156,1.17798550652,1.01130864944,45931.4682361,17905.3174653,37158.5288062
86,2,0.0,2.0,0.0,1.0,0.276112437046,0.744921941297,0.704878348282,1.2643782156,1.00379514779,0.997996141507,45931.4682361,13364.8314865,10295.6382721
87,2,0.0,2.0,0.0,0.0,0.276112437046,0.744921941297,0.721137431326,1.2643782156,1.00379514779,1.56174002969,45931.4682361,13364.8314865,46376.363889
88,2,0.0,2.0,0.0,2.0,0.276112437046,0.744921941297,-0.00879187332626,1.2643782156,1.00379514779,1.01130864944,45931.4682361,13364.8314865,37158.5288062
89,2,0.0,2.0,1.0,0.0,0.276112437046,0.704878348282,0.721137431326,1.2643782156,0.997996141507,1.56174002969,45931.4682361,10295.6382721,46376.363889
90,2,0.0,2.0,1.0,2.0,0.276112437046,0.704878348282,-0.00879187332626,1.2643782156,0.997996141507,1.01130864944,45931.4682361,10295.6382721,37158.5288062
91,2,0.0,2.0,0.0,2.0,0.276112437046,0.721137431326,-0.00879187332626,1.2643782156,1.56174002969,1.01130864944,45931.4682361,46376.363889,37158.5288062
92,2,0.0,1.0,2.0,0.0,-0.277995897817,-0.211924790581,0.744921941297,2.66504426038,1.17798550652,1.00379514779,118781.264008,17905.3174653,13364.8314865
93,2,0.0,1.0,2.0,1.0,-0.277995897817,-0.211924790581,0.704878348282,2.66504426038,1.17798550652,0.997996141507,118781.264008,17905.3174653,10295.6382721
94,2,0.0,1.0,2.0,0.0,-0.277995897817,-0.211924790581,0.721137431326,2.66504426038,1.17798550652,1.56174002969,118781.264008,17905.3174653,46376.363889
95,2,0.0,1.0,2.0,2.0,-0.277995897817,-0.211924790581,-0.00879187332626,2.66504426038,1.17798550652,1.01130864944,118781.264008,17905.3174653,37158.5288062
96,2,0.0,1.0,0.0,1.0,-0.277995897817,0.744921941297,0.704878348282,2.66504426038,1.00379514779,0.997996141507,118781.264008,13364.8314865,10295.6382721
97,2,0.0,1.0,0.0,0.0,-0.277995897817,0.744921941297,0.721137431326,2.66504426038,1.00379514779,1.56174002969,118781.264008,13364.8314865,46376.363889
98,2,0.0,1.0,0.0,2.0,-0.277995897817,0.744921941297,-0.00879187332626,2.66504426038,1.00379514779,1.01130864944,118781.264008,13364.8314865,37158.5288062
99,2,0.0,1.0,1.0,0.0,-0.277995897817,0.704878348282,0.721137431326,2.66504426038,0.997996141507,1.56174002969,118781.264008,10295.6382721,46376.363889
100,2,0.0,1.0,1.0,2.0,-0.277995897817,0.704878348282,-0.00879187332626,2.66504426038,0.997996141507,1.01130864944,118781.264008,10295.6382721,37158.5288062
101,2,0.0,1.0,0.0,2.0,-0.277995897817,0.721137431326,-0.00879187332626,2.66504426038,1.56174002969,1.01130864944,118781.264008,46376.363889,37158.5288062
102,2,0.0,2.0,0.0,1.0,-0.211924790581,0.744921941297,0.704878348282,1.17798550652,1.00379514779,0.997996141507,17905.3174653,13364.8314865,10295.6382721
103,2,0.0,2.0,0.0,0.0,-0.211924790581,0.744921941297,0.721137431326,1.17798550652,1.00379514779,1.56174002969,17905.3174653,13364.8314865,46376.363889
104,2,0.0,2.0,0.0,2.0,-0.211924790581,0.744921941297,-0.00879187332626,1.17798550652,1.00379514779,1.01130864944,17905.3174653,13364.8314865,37158.5288062
105,2,0.0,2.0,1.0,0.0,-0.211924790581,0.704878348282,0.721137431326,1.17798550652,0.997996141507,1.56174002969,17905.3174653,10295.6382721,46376.363889
106,2,0.0,2.0,1.0,2.0,-0.211924790581,0.704878348282,-0.00879187332626,1.17798550652,0.997996141507,1.01130864944,17905.3174653,10295.6382721,37158.5288062
107,2,0.0,2.0,0.0,2.0,-0.211924790581,0.721137431326,-0.00879187332626,1.17798550652,1.56174002969,1.01130864944,17905.3174653,46376.363889,37158.5288062
108,2,0.0,0.0,1.0,0.0,0.744921941297,0.704878348282,0.721137431326,1.00379514779,0.997996141507,1.56174002969,13364.8314865,10295.6382721,46376.363889
109,2,0.0,0.0,1.0,2.0,0.744921941297,0.704878348282,-0.00879187332626,1.00379514779,0.997996141507,1.01130864944,13364.8314865,10295.6382721,37158.5288062
110,2,0.0,0.0,0.0,2.0,0.744921941297,0.721137431326,-0.00879187332626,1.00379514779,1.56174002969,1.01130864944,13364.8314865,46376.363889,37158.5288062
111,2,0.0,1.0,0.0,2.0,0.704878348282,0.721137431326,-0.00879187332626,0.997996141507,1.56174002969,1.01130864944,10295.6382721,46376.363889,37158.5288062
112,8,1.0,1.0,0.0,2.0,-0.223975272141,-0.277995897817,-0.30094701496,0.431710104324,0.375228289776,0.47443047547,87838.4928124,118781.264008,91934.9099408
113,8,1.0,1.0,0.0,2.0,-0.223975272141,-0.277995897817,-0.0419477354132,0.431710104324,0.375228289776,0.442013486991,87838.4928124,118781.264008,129290.879809
114,8,1.0,1.0,0.0,0.0,-0.223975272141,-0.277995897817,-0.0868104407006,0.431710104324,0.375228289776,0.376652336589,87838.4928124,118781.264008,126263.05376
115,8,1.0,1.0,0.0,1.0,-0.223975272141,-0.277995897817,-0.373470010694,0.431710104324,0.375228289776,0.37447638538,87838.4928124,118781.264008,128673.790693
116,8,1.0,1.0,0.0,0.0,-0.223975272141,-0.277995897817,-0.120443368288,0.431710104324,0.375228289776,0.586009040415,87838.4928124,118781.264008,124706.212412
117,8,1.0,1.0,0.0,2.0,-0.223975272141,-0.277995897817,-0.0801622279055,0.431710104324,0.375228289776,0.379471614966,87838.4928124,118781.264008,106565.954786
118,8,1.0,1.0,2.0,2.0,-0.223975272141,-0.30094701496,-0.0419477354132,0.431710104324,0.47443047547,0.442013486991,87838.4928124,91934.9099408,129290.879809
119,8,1.0,1.0,2.0,0.0,-0.223975272141,-0.30094701496,-0.0868104407006,0.431710104324,0.47443047547,0.376652336589,87838.4928124,91934.9099408,126263.05376
120,8,1.0,1.0,2.0,1.0,-0.223975272141,-0.30094701496,-0.373470010694,0.431710104324,0.47443047547,0.37447638538,87838.4928124,91934.9099408,128673.790693
121,8,1.0,1.0,2.0,0.0,-0.223975272141,-0.30094701496,-0.120443368288,0.431710104324,0.47443047547,0.586009040415,87838.4928124,91934.9099408,124706.212412
122,8,1.0,1.0,2.0,2.0,-0.223975272141,-0.30094701496,-0.0801622279055,0.431710104324,0.47443047547,0.379471614966,87838.4928124,91934.9099408,106565.954786
123,8,1.0,1.0,2.0,0.0,-0.223975272141,-0.0419477354132,-0.0868104407006,0.431710104324,0.442013486991,0.376652336589,87838.4928124,129290.879809,126263.05376
124,8,1.0,1.0,2.0,1.0,-0.223975272141,-0.0419477354132,-0.373470010694,0.431710104324,0.442013486991,0.37447638538,87838.4928124,129290.879809,128673.790693
125,8,1.0,1.0,2.0,0.0,-0.223975272141,-0.0419477354132,-0.120443368288,0.431710104324,0.442013486991,0.586009040415,87838.4928124,129290.879809,124706.212412
126,8,1.0,1.0,2.0,2.0,-0.223975272141,-0.0419477354132,-0.0801622279055,0.431710104324,0.442013486991,0.379471614966,87838.4928124,129290.879809,106565.954786
127,8,1.0,1.0,0.0,1.0,-0.223975272141,-0.0868104407006,-0.373470010694,0.431710104324,0.376652336589,0.37447638538,87838.4928124,126263.05376,128673.790693
128,8,1.0,1.0,0.0,0.0,-0.223975272141,-0.0868104407006,-0.120443368288,0.431710104324,0.376652336589,0.586009040415,87838.4928124,126263.05376,124706.212412
129,8,1.0,1.0,0.0,2.0,-0.223975272141,-0.0868104407006,-0.0801622279055,0.431710104324,0.376652336589,0.379471614966,87838.4928124,126263.05376,106565.954786
130,8,1.0,1.0,1.0,0.0,-0.223975272141,-0.373470010694,-0.120443368288,0.431710104324,0.37447638538,0.586009040415,87838.4928124,128673.790693,124706.212412
131,8,1.0,1.0,1.0,2.0,-0.223975272141,-0.373470010694,-0.0801622279055,0.431710104324,0.37447638538,0.379471614966,87838.4928124,128673.790693,106565.954786
132,8,1.0,1.0,0.0,2.0,-0.223975272141,-0.120443368288,-0.0801622279055,0.431710104324,0.586009040415,0.379471614966,87838.4928124,124706.212412,106565.954786
133,8,1.0,0.0,2.0,2.0,-0.277995897817,-0.30094701496,-0.0419477354132,0.375228289776,0.47443047547,0.442013486991,118781.264008,91934.9099408,129290.879809
134,8,1.0,0.0,2.0,0.0,-0.277995897817,-0.30094701496,-0.0868104407006,0.375228289776,0.47443047547,0.376652336589,118781.264008,91934.9099408,126263.05376
135,8,1.0,0.0,2.0,1.0,-0.277995897817,-0.30094701496,-0.373470010694,0.375228289776,0.47443047547,0.37447638538,118781.264008,91934.9099408,128673.790693
136,8,1.0,0.0,2.0,0.0,-0.277995897817,-0.30094701496,-0.120443368288,0.375228289776,0.47443047547,0.586009040415,118781.264008,91934.9099408,124706.212412
137,8,1.0,0.0,2.0,2.0,-0.277995897817,-0.30094701496,-0.0801622279055,0.375228289776,0.47443047547,0.379471614966,118781.264008,91934.9099408,106565.954786
138,8,1.0,0.0,2.0,0.0,-0.277995897817,-0.0419477354132,-0.0868104407006,0.375228289776,0.442013486991,0.376652336589,118781.264008,129290.879809,126263.05376
139,8,1.0,0.0,2.0,1.0,-0.277995897817,-0.0419477354132,-0.373470010694,0.375228289776,0.442013486991,0.37447638538,118781.264008,129290.879809,128673.790693
140,8,1.0,0.0,2.0,0.0,-0.277995897817,-0.0419477354132,-0.120443368288,0.375228289776,0.442013486991,0.586009040415,118781.264008,129290.879809,124706.212412
141,8,1.0,0.0,2.0,2.0,-0.277995897817,-0.0419477354132,-0.0801622279055,0.375228289776,0.442013486991,0.379471614966,118781.264008,129290.879809,106565.954786
142,8,1.0,0.0,0.0,1.0,-0.277995897817,-0.0868104407006,-0.373470010694,0.375228289776,0.376652336589,0.37447638538,118781.264008,126263.05376,128673.790693
143,8,1.0,0.0,0.0,0.0,-0.277995897817,-0.0868104407006,-0.120443368288,0.375228289776,0.376652336589,0.586009040415,118781.264008,126263.05376,124706.212412
144,8,1.0,0.0,0.0,2.0,-0.277995897817,-0.0868104407006,-0.0801622279055,0.375228289776,0.376652336589,0.379471614966,118781.264008,126263.05376,106565.954786
145,8,1.0,0.0,1.0,0.0,-0.277995897817,-0.373470010694,-0.120443368288,0.375228289776,0.37447638538,0.586009040415,118781.264008,128673.790693,124706.212412
146,8,1.0,0.0,1.0,2.0,-0.277995897817,-0.373470010694,-0.0801622279055,0.375228289776,0.37447638538,0.379471614966,118781.264008,128673.790693,106565.954786
147,8,1.0,0.0,0.0,2.0,-0.277995897817,-0.120443368288,-0.0801622279055,0.375228289776,0.586009040415,0.379471614966,118781.264008,124706.212412,106565.954786
148,8,1.0,2.0,2.0,0.0,-0.30094701496,-0.0419477354132,-0.0868104407006,0.47443047547,0.442013486991,0.376652336589,91934.9099408,129290.879809,126263.05376
149,8,1.0,2.0,2.0,1.0,-0.30094701496,-0.0419477354132,-0.373470010694,0.47443047547,0.442013486991,0.37447638538,91934.9099408,129290.879809,128673.790693
150,8,1.0,2.0,2.0,0.0,-0.30094701496,-0.0419477354132,-0.120443368288,0.47443047547,0.442013486991,0.586009040415,91934.9099408,129290.879809,124706.212412
151,8,1.0,2.0,2.0,2.0,-0.30094701496,-0.0419477354132,-0.0801622279055,0.47443047547,0.442013486991,0.379471614966,91934.9099408,129290.879809,106565.954786
152,8,1.0,2.0,0.0,1.0,-0.30094701496,-0.0868104407006,-0.373470010694,0.47443047547,0.376652336589,0.37447638538,91934.9099408,126263.05376,128673.790693
153,8,1.0,2.0,0.0,0.0,-0.30094701496,-0.0868104407006,-0.120443368288,0.47443047547,0.376652336589,0.586009040415,91934.9099408,126263.05376,124706.212412
154,8,1.0,2.0,0.0,2.0,-0.30094701496,-0.0868104407006,-0.0801622279055,0.47443047547,0.376652336589,0.379471614966,91934.9099408,126263.05376,106565.954786
155,8,1.0,2.0,1.0,0.0,-0.30094701496,-0.373470010694,-0.120443368288,0.47443047547,0.37447638538,0.586009040415,91934.9099408,128673.790693,124706.212412
156,8,1.0,2.0,1.0,2.0,-0.30094701496,-0.373470010694,-0.0801622279055,0.47443047547,0.37447638538,0.379471614966,91934.9099408,128673.790693,106565.954786
157,8,1.0,2.0,0.0,2.0,-0.30094701496,-0.120443368288,-0.0801622279055,0.47443047547,0.586009040415,0.379471614966,91934.9099408,124706.212412,106565.954786
158,8,1.0,2.0,0.0,1.0,-0.0419477354132,-0.0868104407006,-0.373470010694,0.442013486991,0.376652336589,0.37447638538,129290.879809,126263.05376,128673.790693
159,8,1.0,2.0,0.0,0.0,-0.0419477354132,-0.0868104407006,-0.120443368288,0.442013486991,0.376652336589,0.586009040415,129290.879809,126263.05376,124706.212412
160,8,1.0,2.0,0.0,2.0,-0.0419477354132,-0.0868104407006,-0.0801622279055,0.442013486991,0.376652336589,0.379471614966,129290.879809,126263.05376,106565.954786
161,8,1.0,2.0,1.0,0.0,-0.0419477354132,-0.373470010694,-0.120443368288,0.442013486991,0.37447638538,0.586009040415,129290.879809,128673.790693,124706.212412
162,8,1.0,2.0,1.0,2.0,-0.0419477354132,-0.373470010694,-0.0801622279055,0.442013486991,0.37447638538,0.379471614966,129290.879809,128673.790693,106565.954786
163,8,1.0,2.0,0.0,2.0,-0.0419477354132,-0.120443368288,-0.0801622279055,0.442013486991,0.586009040415,0.379471614966,129290.879809,124706.212412,106565.954786
164,8,1.0,0.0,1.0,0.0,-0.0868104407006,-0.373470010694,-0.120443368288,0.376652336589,0.37447638538,0.586009040415,126263.05376,128673.790693,124706.212412
165,8,1.0,0.0,1.0,2.0,-0.0868104407006,-0.373470010694,-0.0801622279055,0.376652336589,0.37447638538,0.379471614966,126263.05376,128673.790693,106565.954786
166,8,1.0,0.0,0.0,2.0,-0.0868104407006,-0.120443368288,-0.0801622279055,0.376652336589,0.586009040415,0.379471614966,126263.05376,124706.212412,106565.954786
167,8,1.0,1.0,0.0,2.0,-0.373470010694,-0.120443368288,-0.0801622279055,0.37447638538,0.586009040415,0.379471614966,128673.790693,124706.212412,106565.954786
168,9,2.0,1.0,0.0,2.0,-0.352091114449,-0.211924790581,-0.0749469626565,0.976689890761,0.848906879132,1.07333936505,41504.8656071,17905.3174653,45666.4912725
169,9,2.0,1.0,0.0,1.0,-0.352091114449,-0.211924790581,-0.0419477354132,0.976689890761,0.848906879132,2.26237440583,41504.8656071,17905.3174653,129290.879809
170,9,2.0,1.0,0.0,0.0,-0.352091114449,-0.211924790581,-0.339659871533,0.976689890761,0.848906879132,0.852128606194,41504.8656071,17905.3174653,4550.28237352
171,9,2.0,1.0,0.0,1.0,-0.352091114449,-0.211924790581,-0.521880414452,0.976689890761,0.848906879132,0.847205789872,41504.8656071,17905.3174653,12131.618292
172,9,2.0,1.0,0.0,0.0,-0.352091114449,-0.211924790581,-0.156233208294,0.976689890761,0.848906879132,1.32577185462,41504.8656071,17905.3174653,33633.7874217
173,9,2.0,1.0,0.0,2.0,-0.352091114449,-0.211924790581,-0.153536671831,0.976689890761,0.848906879132,0.858506869437,41504.8656071,17905.3174653,32324.0330417
174,9,2.0,1.0,2.0,1.0,-0.352091114449,-0.0749469626565,-0.0419477354132,0.976689890761,1.07333936505,2.26237440583,41504.8656071,45666.4912725,129290.879809
175,9,2.0,1.0,2.0,0.0,-0.352091114449,-0.0749469626565,-0.339659871533,0.976689890761,1.07333936505,0.852128606194,41504.8656071,45666.4912725,4550.28237352
176,9,2.0,1.0,2.0,1.0,-0.352091114449,-0.0749469626565,-0.521880414452,0.976689890761,1.07333936505,0.847205789872,41504.8656071,45666.4912725,12131.618292
177,9,2.0,1.0,2.0,0.0,-0.352091114449,-0.0749469626565,-0.156233208294,0.976689890761,1.07333936505,1.32577185462,41504.8656071,45666.4912725,33633.7874217
178,9,2.0,1.0,2.0,2.0,-0.352091114449,-0.0749469626565,-0.153536671831,0.976689890761,1.07333936505,0.858506869437,41504.8656071,45666.4912725,32324.0330417
179,9,2.0,1.0,1.0,0.0,-0.352091114449,-0.0419477354132,-0.339659871533,0.976689890761,2.26237440583,0.852128606194,41504.8656071,129290.879809,4550.28237352
180,9,2.0,1.0,1.0,1.0,-0.352091114449,-0.0419477354132,-0.521880414452,0.976689890761,2.26237440583,0.847205789872,41504.8656071,129290.879809,12131.618292
181,9,2.0,1.0,1.0,0.0,-0.352091114449,-0.0419477354132,-0.156233208294,0.976689890761,2.26237440583,1.32577185462,41504.8656071,129290.879809,33633.7874217
182,9,2.0,1.0,1.0,2.0,-0.352091114449,-0.0419477354132,-0.153536671831,0.976689890761,2.26237440583,0.858506869437,41504.8656071,129290.879809,32324.0330417
183,9,2.0,1.0,0.0,1.0,-0.352091114449,-0.339659871533,-0.521880414452,0.976689890761,0.852128606194,0.847205789872,41504.8656071,4550.28237352,12131.618292
184,9,2.0,1.0,0.0,0.0,-0.352091114449,-0.339659871533,-0.156233208294,0.976689890761,0.852128606194,1.32577185462,41504.8656071,4550.28237352,33633.7874217
185,9,2.0,1.0,0.0,2.0,-0.352091114449,-0.339659871533,-0.153536671831,0.976689890761,0.852128606194,0.858506869437,41504.8656071,4550.28237352,32324.0330417
186,9,2.0,1.0,1.0,0.0,-0.352091114449,-0.521880414452,-0.156233208294,0.976689890761,0.847205789872,1.32577185462,41504.8656071,12131.618292,33633.7874217
187,9,2.0,1.0,1.0,2.0,-0.352091114449,-0.521880414452,-0.153536671831,0.976689890761,0.847205789872,0.858506869437,41504.8656071,12131.618292,32324.0330417
188,9,2.0,1.0,0.0,2.0,-0.352091114449,-0.156233208294,-0.153536671831,0.976689890761,1.32577185462,0.858506869437,41504.8656071,33633.7874217,32324.0330417
189,9,2.0,0.0,2.0,1.0,-0.211924790581,-0.0749469626565,-0.0419477354132,0.848906879132,1.07333936505,2.26237440583,17905.3174653,45666.4912725,129290.879809
190,9,2.0,0.0,2.0,0.0,-0.211924790581,-0.0749469626565,-0.339659871533,0.848906879132,1.07333936505,0.852128606194,17905.3174653,45666.4912725,4550.28237352
191,9,2.0,0.0,2.0,1.0,-0.211924790581,-0.0749469626565,-0.521880414452,0.848906879132,1.07333936505,0.847205789872,17905.3174653,45666.4912725,12131.618292
192,9,2.0,0.0,2.0,0.0,-0.211924790581,-0.0749469626565,-0.156233208294,0.848906879132,1.07333936505,1.32577185462,17905.3174653,45666.4912725,33633.7874217
193,9,2.0,0.0,2.0,2.0,-0.211924790581,-0.0749469626565,-0.153536671831,0.848906879132,1.07333936505,0.858506869437,17905.3174653,45666.4912725,32324.0330417
194,9,2.0,0.0,1.0,0.0,-0.211924790581,-0.0419477354132,-0.339659871533,0.848906879132,2.26237440583,0.852128606194,17905.3174653,129290.879809,4550.28237352
195,9,2.0,0.0,1.0,1.0,-0.211924790581,-0.0419477354132,-0.521880414452,0.848906879132,2.26237440583,0.847205789872,17905.3174653,129290.879809,12131.618292
196,9,2.0,0.0,1.0,0.0,-0.211924790581,-0.0419477354132,-0.156233208294,0.848906879132,2.26237440583,1.32577185462,17905.3174653,129290.879809,33633.7874217
197,9,2.0,0.0,1.0,2.0,-0.211924790581,-0.0419477354132,-0.153536671831,0.848906879132,2.26237440583,0.858506869437,17905.3174653,129290.879809,32324.0330417
198,9,2.0,0.0,0.0,1.0,-0.211924790581,-0.339659871533,-0.521880414452,0.848906879132,0.852128606194,0.847205789872,17905.3174653,4550.28237352,12131.618292
199,9,2.0,0.0,0.0,0.0,-0.211924790581,-0.339659871533,-0.156233208294,0.848906879132,0.852128606194,1.32577185462,17905.3174653,4550.28237352,33633.7874217
200,9,2.0,0.0,0.0,2.0,-0.211924790581,-0.339659871533,-0.153536671831,0.848906879132,0.852128606194,0.858506869437,17905.3174653,4550.28237352,32324.0330417
201,9,2.0,0.0,1.0,0.0,-0.211924790581,-0.521880414452,-0.156233208294,0.848906879132,0.847205789872,1.32577185462,17905.3174653,12131.618292,33633.7874217
202,9,2.0,0.0,1.0,2.0,-0.211924790581,-0.521880414452,-0.153536671831,0.848906879132,0.847205789872,0.858506869437,17905.3174653,12131.618292,32324.0330417
203,9,2.0,0.0,0.0,2.0,-0.211924790581,-0.156233208294,-0.153536671831,0.848906879132,1.32577185462,0.858506869437,17905.3174653,33633.7874217,32324.0330417
204,9,2.0,2.0,1.0,0.0,-0.0749469626565,-0.0419477354132,-0.339659871533,1.07333936505,2.26237440583,0.852128606194,45666.4912725,129290.879809,4550.28237352
205,9,2.0,2.0,1.0,1.0,-0.0749469626565,-0.0419477354132,-0.521880414452,1.07333936505,2.26237440583,0.847205789872,45666.4912725,129290.879809,12131.618292
206,9,2.0,2.0,1.0,0.0,-0.0749469626565,-0.0419477354132,-0.156233208294,1.07333936505,2.26237440583,1.32577185462,45666.4912725,129290.879809,33633.7874217
207,9,2.0,2.0,1.0,2.0,-0.0749469626565,-0.0419477354132,-0.153536671831,1.07333936505,2.26237440583,0.858506869437,45666.4912725,129290.879809,32324.0330417
208,9,2.0,2.0,0.0,1.0,-0.0749469626565,-0.339659871533,-0.521880414452,1.07333936505,0.852128606194,0.847205789872,45666.4912725,4550.28237352,12131.618292
209,9,2.0,2.0,0.0,0.0,-0.0749469626565,-0.339659871533,-0.156233208294,1.07333936505,0.852128606194,1.32577185462,45666.4912725,4550.28237352,33633.7874217
210,9,2.0,2.0,0.0,2.0,-0.0749469626565,-0.339659871533,-0.153536671831,1.07333936505,0.852128606194,0.858506869437,45666.4912725,4550.28237352,32324.0330417
211,9,2.0,2.0,1.0,0.0,-0.0749469626565,-0.521880414452,-0.156233208294,1.07333936505,0.847205789872,1.32577185462,45666.4912725,12131.618292,33633.7874217
212,9,2.0,2.0,1.0,2.0,-0.0749469626565,-0.521880414452,-0.153536671831,1.07333936505,0.847205789872,0.858506869437,45666.4912725,12131.618292,32324.0330417
213,9,2.0,2.0,0.0,2.0,-0.0749469626565,-0.156233208294,-0.153536671831,1.07333936505,1.32577185462,0.858506869437,45666.4912725,33633.7874217,32324.0330417
214,9,2.0,1.0,0.0,1.0,-0.0419477354132,-0.339659871533,-0.521880414452,2.26237440583,0.852128606194,0.847205789872,129290.879809,4550.28237352,12131.618292
215,9,2.0,1.0,0.0,0.0,-0.0419477354132,-0.339659871533,-0.156233208294,2.26237440583,0.852128606194,1.32577185462,129290.879809,4550.28237352,33633.7874217
216,9,2.0,1.0,0.0,2.0,-0.0419477354132,-0.339659871533,-0.153536671831,2.26237440583,0.852128606194,0.858506869437,129290.879809,4550.28237352,32324.0330417
217,9,2.0,1.0,1.0,0.0,-0.0419477354132,-0.521880414452,-0.156233208294,2.26237440583,0.847205789872,1.32577185462,129290.879809,12131.618292,33633.7874217
218,9,2.0,1.0,1.0,2.0,-0.0419477354132,-0.521880414452,-0.153536671831,2.26237440583,0.847205789872,0.858506869437,129290.879809,12131.618292,32324.0330417
219,9,2.0,1.0,0.0,2.0,-0.0419477354132,-0.156233208294,-0.153536671831,2.26237440583,1.32577185462,0.858506869437,129290.879809,33633.7874217,32324.0330417
220,9,2.0,0.0,1.0,0.0,-0.339659871533,-0.521880414452,-0.156233208294,0.852128606194,0.847205789872,1.32577185462,4550.28237352,12131.618292,33633.7874217
221,9,2.0,0.0,1.0,2.0,-0.339659871533,-0.521880414452,-0.153536671831,0.852128606194,0.847205789872,0.858506869437,4550.28237352,12131.618292,32324.0330417
222,9,2.0,0.0,0.0,2.0,-0.339659871533,-0.156233208294,-0.153536671831,0.852128606194,1.32577185462,0.858506869437,4550.28237352,33633.7874217,32324.0330417
223,9,2.0,1.0,0.0,2.0,-0.521880414452,-0.156233208294,-0.153536671831,0.847205789872,1.32577185462,0.858506869437,12131.618292,33633.7874217,32324.0330417
224,10,0.0,1.0,0.0,2.0,0.365700150866,0.744921941297,0.589252278393,1.14617662599,0.996219200906,1.25959785559,38730.8556608,13364.8314865,44808.3844088
225,10,0.0,1.0,0.0,1.0,0.365700150866,0.744921941297,-0.0868104407006,1.14617662599,0.996219200906,2.65496826346,38730.8556608,13364.8314865,126263.05376
226,10,0.0,1.0,0.0,2.0,0.365700150866,0.744921941297,-0.339659871533,1.14617662599,0.996219200906,1.17353177998,38730.8556608,13364.8314865,4550.28237352
227,10,0.0,1.0,0.0,1.0,0.365700150866,0.744921941297,0.75997286727,1.14617662599,0.996219200906,0.994222918599,38730.8556608,13364.8314865,8919.30360632
228,10,0.0,1.0,0.0,0.0,0.365700150866,0.744921941297,0.450149766994,1.14617662599,0.996219200906,1.5558354044,38730.8556608,13364.8314865,36264.971437
229,10,0.0,1.0,0.0,2.0,0.365700150866,0.744921941297,0.349823635509,1.14617662599,0.996219200906,1.00748509462,38730.8556608,13364.8314865,32446.3826082
230,10,0.0,1.0,2.0,1.0,0.365700150866,0.589252278393,-0.0868104407006,1.14617662599,1.25959785559,2.65496826346,38730.8556608,44808.3844088,126263.05376
231,10,0.0,1.0,2.0,2.0,0.365700150866,0.589252278393,-0.339659871533,1.14617662599,1.25959785559,1.17353177998,38730.8556608,44808.3844088,4550.28237352
232,10,0.0,1.0,2.0,1.0,0.365700150866,0.589252278393,0.75997286727,1.14617662599,1.25959785559,0.994222918599,38730.8556608,44808.3844088,8919.30360632
233,10,0.0,1.0,2.0,0.0,0.365700150866,0.589252278393,0.450149766994,1.14617662599,1.25959785559,1.5558354044,38730.8556608,44808.3844088,36264.971437
234,10,0.0,1.0,2.0,2.0,0.365700150866,0.589252278393,0.349823635509,1.14617662599,1.25959785559,1.00748509462,38730.8556608,44808.3844088,32446.3826082
235,10,0.0,1.0,1.0,2.0,0.365700150866,-0.0868104407006,-0.339659871533,1.14617662599,2.65496826346,1.17353177998,38730.8556608,126263.05376,4550.28237352
236,10,0.0,1.0,1.0,1.0,0.365700150866,-0.0868104407006,0.75997286727,1.14617662599,2.65496826346,0.994222918599,38730.8556608,126263.05376,8919.30360632
237,10,0.0,1.0,1.0,0.0,0.365700150866,-0.0868104407006,0.450149766994,1.14617662599,2.65496826346,1.5558354044,38730.8556608,126263.05376,36264.971437
238,10,0.0,1.0,1.0,2.0,0.365700150866,-0.0868104407006,0.349823635509,1.14617662599,2.65496826346,1.00748509462,38730.8556608,126263.05376,32446.3826082
239,10,0.0,1.0,2.0,1.0,0.365700150866,-0.339659871533,0.75997286727,1.14617662599,1.17353177998,0.994222918599,38730.8556608,4550.28237352,8919.30360632
240,10,0.0,1.0,2.0,0.0,0.365700150866,-0.339659871533,0.450149766994,1.14617662599,1.17353177998,1.5558354044,38730.8556608,4550.28237352,36264.971437
241,10,0.0,1.0,2.0,2.0,0.365700150866,-0.339659871533,0.349823635509,1.14617662599,1.17353177998,1.00748509462,38730.8556608,4550.28237352,32446.3826082
242,10,0.0,1.0,1.0,0.0,0.365700150866,0.75997286727,0.450149766994,1.14617662599,0.994222918599,1.5558354044,38730.8556608,8919.30360632,36264.971437
243,10,0.0,1.0,1.0,2.0,0.365700150866,0.75997286727,0.349823635509,1.14617662599,0.994222918599,1.00748509462,38730.8556608,8919.30360632,32446.3826082
244,10,0.0,1.0,0.0,2.0,0.365700150866,0.450149766994,0.349823635509,1.14617662599,1.5558354044,1.00748509462,38730.8556608,36264.971437,32446.3826082
245,10,0.0,0.0,2.0,1.0,0.744921941297,0.589252278393,-0.0868104407006,0.996219200906,1.25959785559,2.65496826346,13364.8314865,44808.3844088,126263.05376
246,10,0.0,0.0,2.0,2.0,0.744921941297,0.589252278393,-0.339659871533,0.996219200906,1.25959785559,1.17353177998,13364.8314865,44808.3844088,4550.28237352
247,10,0.0,0.0,2.0,1.0,0.744921941297,0.589252278393,0.75997286727,0.996219200906,1.25959785559,0.994222918599,13364.8314865,44808.3844088,8919.30360632
248,10,0.0,0.0,2.0,0.0,0.744921941297,0.589252278393,0.450149766994,0.996219200906,1.25959785559,1.5558354044,13364.8314865,44808.3844088,36264.971437
249,10,0.0,0.0,2.0,2.0,0.744921941297,0.589252278393,0.349823635509,0.996219200906,1.25959785559,1.00748509462,13364.8314865,44808.3844088,32446.3826082
250,10,0.0,0.0,1.0,2.0,0.744921941297,-0.0868104407006,-0.339659871533,0.996219200906,2.65496826346,1.17353177998,13364.8314865,126263.05376,4550.28237352
251,10,0.0,0.0,1.0,1.0,0.744921941297,-0.0868104407006,0.75997286727,0.996219200906,2.65496826346,0.994222918599,13364.8314865,126263.05376,8919.30360632
252,10,0.0,0.0,1.0,0.0,0.744921941297,-0.0868104407006,0.450149766994,0.996219200906,2.65496826346,1.5558354044,13364.8314865,126263.05376,36264.971437
253,10,0.0,0.0,1.0,2.0,0.744921941297,-0.0868104407006,0.349823635509,0.996219200906,2.65496826346,1.00748509462,13364.8314865,126263.05376,32446.3826082
254,10,0.0,0.0,2.0,1.0,0.744921941297,-0.339659871533,0.75997286727,0.996219200906,1.17353177998,0.994222918599,13364.8314865,4550.28237352,8919.30360632
255,10,0.0,0.0,2.0,0.0,0.744921941297,-0.339659871533,0.450149766994,0.996219200906,1.17353177998,1.5558354044,13364.8314865,4550.28237352,36264.971437
256,10,0.0,0.0,2.0,2.0,0.744921941297,-0.339659871533,0.349823635509,0.996219200906,1.17353177998,1.00748509462,13364.8314865,4550.28237352,32446.3826082
257,10,0.0,0.0,1.0,0.0,0.744921941297,0.75997286727,0.450149766994,0.996219200906,0.994222918599,1.5558354044,13364.8314865,8919.30360632,36264.971437
258,10,0.0,0.0,1.0,2.0,0.744921941297,0.75997286727,0.349823635509,0.996219200906,0.994222918599,1.00748509462,13364.8314865,8919.30360632,32446.3826082
259,10,0.0,0.0,0.0,2.0,0.744921941297,0.450149766994,0.349823635509,0.996219200906,1.5558354044,1.00748509462,13364.8314865,36264.971437,32446.3826082
260,10,0.0,2.0,1.0,2.0,0.589252278393,-0.0868104407006,-0.339659871533,1.25959785559,2.65496826346,1.17353177998,44808.3844088,126263.05376,4550.28237352
261,10,0.0,2.0,1.0,1.0,0.589252278393,-0.0868104407006,0.75997286727,1.25959785559,2.65496826346,0.994222918599,44808.3844088,126263.05376,8919.30360632
262,10,0.0,2.0,1.0,0.0,0.589252278393,-0.0868104407006,0.450149766994,1.25959785559,2.65496826346,1.5558354044,44808.3844088,126263.05376,36264.971437
263,10,0.0,2.0,1.0,2.0,0.589252278393,-0.0868104407006,0.349823635509,1.25959785559,2.65496826346,1.00748509462,44808.3844088,126263.05376,32446.3826082
264,10,0.0,2.0,2.0,1.0,0.589252278393,-0.339659871533,0.75997286727,1.25959785559,1.17353177998,0.994222918599,44808.3844088,4550.28237352,8919.30360632
265,10,0.0,2.0,2.0,0.0,0.589252278393,-0.339659871533,0.450149766994,1.25959785559,1.17353177998,1.5558354044,44808.3844088,4550.28237352,36264.971437
266,10,0.0,2.0,2.0,2.0,0.589252278393,-0.339659871533,0.349823635509,1.25959785559,1.17353177998,1.00748509462,44808.3844088,4550.28237352,32446.3826082
267,10,0.0,2.0,1.0,0.0,0.589252278393,0.75997286727,0.450149766994,1.25959785559,0.994222918599,1.5558354044,44808.3844088,8919.30360632,36264.971437
268,10,0.0,2.0,1.0,2.0,0.589252278393,0.75997286727,0.349823635509,1.25959785559,0.994222918599,1.00748509462,44808.3844088,8919.30360632,32446.3826082
269,10,0.0,2.0,0.0,2.0,0.589252278393,0.450149766994,0.349823635509,1.25959785559,1.5558354044,1.00748509462,44808.3844088,36264.971437,32446.3826082
270,10,0.0,1.0,2.0,1.0,-0.0868104407006,-0.339659871533,0.75997286727,2.65496826346,1.17353177998,0.994222918599,126263.05376,4550.28237352,8919.30360632
271,10,0.0,1.0,2.0,0.0,-0.0868104407006,-0.339659871533,0.450149766994,2.65496826346,1.17353177998,1.5558354044,126263.05376,4550.28237352,36264.971437
272,10,0.0,1.0,2.0,2.0,-0.0868104407006,-0.339659871533,0.349823635509,2.65496826346,1.17353177998,1.00748509462,126263.05376,4550.28237352,32446.3826082
273,10,0.0,1.0,1.0,0.0,-0.0868104407006,0.75997286727,0.450149766994,2.65496826346,0.994222918599,1.5558354044,126263.05376,8919.30360632,36264.971437
274,10,0.0,1.0,1.0,2.0,-0.0868104407006,0.75997286727,0.349823635509,2.65496826346,0.994222918599,1.00748509462,126263.05376,8919.30360632,32446.3826082
275,10,0.0,1.0,0.0,2.0,-0.0868104407006,0.450149766994,0.349823635509,2.65496826346,1.5558354044,1.00748509462,126263.05376,36264.971437,32446.3826082
276,10,0.0,2.0,1.0,0.0,-0.339659871533,0.75997286727,0.450149766994,1.17353177998,0.994222918599,1.5558354044,4550.28237352,8919.30360632,36264.971437
277,10,0.0,2.0,1.0,2.0,-0.339659871533,0.75997286727,0.349823635509,1.17353177998,0.994222918599,1.00748509462,4550.28237352,8919.30360632,32446.3826082
278,10,0.0,2.0,0.0,2.0,-0.339659871533,0.450149766994,0.349823635509,1.17353177998,1.5558354044,1.00748509462,4550.28237352,36264.971437,32446.3826082
279,10,0.0,1.0,0.0,2.0,0.75997286727,0.450149766994,0.349823635509,0.994222918599,1.5558354044,1.00748509462,8919.30360632,36264.971437,32446.3826082
280,11,1.0,1.0,0.0,2.0,0.631509958808,0.704878348282,0.177811669804,1.1528366572,1.002007882,1.26691693787,42580.4214871,10295.6382721,51659.6981427
281,11,1.0,1.0,0.0,1.0,0.631509958808,0.704878348282,-0.373470010694,1.1528366572,1.002007882,2.67039535479,42580.4214871,10295.6382721,128673.790693
282,11,1.0,1.0,0.0,2.0,0.631509958808,0.704878348282,-0.521880414452,1.1528366572,1.002007882,1.18035076242,42580.4214871,10295.6382721,12131.618292
283,11,1.0,1.0,0.0,0.0,0.631509958808,0.704878348282,0.75997286727,1.1528366572,1.002007882,1.00581065,42580.4214871,10295.6382721,8919.30360632
284,11,1.0,1.0,0.0,0.0,0.631509958808,0.704878348282,0.138702056783,1.1528366572,1.002007882,1.56487581939,42580.4214871,10295.6382721,45174.4229143
285,11,1.0,1.0,0.0,2.0,0.631509958808,0.704878348282,-0.116258820499,1.1528366572,1.002007882,1.01333923788,42580.4214871,10295.6382721,40433.3011791
286,11,1.0,1.0,2.0,1.0,0.631509958808,0.177811669804,-0.373470010694,1.1528366572,1.26691693787,2.67039535479,42580.4214871,51659.6981427,128673.790693
287,11,1.0,1.0,2.0,2.0,0.631509958808,0.177811669804,-0.521880414452,1.1528366572,1.26691693787,1.18035076242,42580.4214871,51659.6981427,12131.618292
288,11,1.0,1.0,2.0,0.0,0.631509958808,0.177811669804,0.75997286727,1.1528366572,1.26691693787,1.00581065,42580.4214871,51659.6981427,8919.30360632
289,11,1.0,1.0,2.0,0.0,0.631509958808,0.177811669804,0.138702056783,1.1528366572,1.26691693787,1.56487581939,42580.4214871,51659.6981427,45174.4229143
290,11,1.0,1.0,2.0,2.0,0.631509958808,0.177811669804,-0.116258820499,1.1528366572,1.26691693787,1.01333923788,42580.4214871,51659.6981427,40433.3011791
291,11,1.0,1.0,1.0,2.0,0.631509958808,-0.373470010694,-0.521880414452,1.1528366572,2.67039535479,1.18035076242,42580.4214871,128673.790693,12131.618292
292,11,1.0,1.0,1.0,0.0,0.631509958808,-0.373470010694,0.75997286727,1.1528366572,2.67039535479,1.00581065,42580.4214871,128673.790693,8919.30360632
293,11,1.0,1.0,1.0,0.0,0.631509958808,-0.373470010694,0.138702056783,1.1528366572,2.67039535479,1.56487581939,42580.4214871,128673.790693,45174.4229143
294,11,1.0,1.0,1.0,2.0,0.631509958808,-0.373470010694,-0.116258820499,1.1528366572,2.67039535479,1.01333923788,42580.4214871,128673.790693,40433.3011791
295,11,1.0,1.0,2.0,0.0,0.631509958808,-0.521880414452,0.75997286727,1.1528366572,1.18035076242,1.00581065,42580.4214871,12131.618292,8919.30360632
296,11,1.0,1.0,2.0,0.0,0.631509958808,-0.521880414452,0.138702056783,1.1528366572,1.18035076242,1.56487581939,42580.4214871,12131.618292,45174.4229143
297,11,1.0,1.0,2.0,2.0,0.631509958808,-0.521880414452,-0.116258820499,1.1528366572,1.18035076242,1.01333923788,42580.4214871,12131.618292,40433.3011791
298,11,1.0,1.0,0.0,0.0,0.631509958808,0.75997286727,0.138702056783,1.1528366572,1.00581065,1.56487581939,42580.4214871,8919.30360632,45174.4229143
299,11,1.0,1.0,0.0,2.0,0.631509958808,0.75997286727,-0.116258820499,1.1528366572,1.00581065,1.01333923788,42580.4214871,8919.30360632,40433.3011791
300,11,1.0,1.0,0.0,2.0,0.631509958808,0.138702056783,-0.116258820499,1.1528366572,1.56487581939,1.01333923788,42580.4214871,45174.4229143,40433.3011791
301,11,1.0,0.0,2.0,1.0,0.704878348282,0.177811669804,-0.373470010694,1.002007882,1.26691693787,2.67039535479,10295.6382721,51659.6981427,128673.790693
302,11,1.0,0.0,2.0,2.0,0.704878348282,0.177811669804,-0.521880414452,1.002007882,1.26691693787,1.18035076242,10295.6382721,51659.6981427,12131.618292
303,11,1.0,0.0,2.0,0.0,0.704878348282,0.177811669804,0.75997286727,1.002007882,1.26691693787,1.00581065,10295.6382721,51659.6981427,8919.30360632
304,11,1.0,0.0,2.0,0.0,0.704878348282,0.177811669804,0.138702056783,1.002007882,1.26691693787,1.56487581939,10295.6382721,51659.6981427,45174.4229143
305,11,1.0,0.0,2.0,2.0,0.704878348282,0.177811669804,-0.116258820499,1.002007882,1.26691693787,1.01333923788,10295.6382721,51659.6981427,40433.3011791
306,11,1.0,0.0,1.0,2.0,0.704878348282,-0.373470010694,-0.521880414452,1.002007882,2.67039535479,1.18035076242,10295.6382721,128673.790693,12131.618292
307,11,1.0,0.0,1.0,0.0,0.704878348282,-0.373470010694,0.75997286727,1.002007882,2.67039535479,1.00581065,10295.6382721,128673.790693,8919.30360632
308,11,1.0,0.0,1.0,0.0,0.704878348282,-0.373470010694,0.138702056783,1.002007882,2.67039535479,1.56487581939,10295.6382721,128673.790693,45174.4229143
309,11,1.0,0.0,1.0,2.0,0.704878348282,-0.373470010694,-0.116258820499,1.002007882,2.67039535479,1.01333923788,10295.6382721,128673.790693,40433.3011791
310,11,1.0,0.0,2.0,0.0,0.704878348282,-0.521880414452,0.75997286727,1.002007882,1.18035076242,1.00581065,10295.6382721,12131.618292,8919.30360632
311,11,1.0,0.0,2.0,0.0,0.704878348282,-0.521880414452,0.138702056783,1.002007882,1.18035076242,1.56487581939,10295.6382721,12131.618292,45174.4229143
312,11,1.0,0.0,2.0,2.0,0.704878348282,-0.521880414452,-0.116258820499,1.002007882,1.18035076242,1.01333923788,10295.6382721,12131.618292,40433.3011791
313,11,1.0,0.0,0.0,0.0,0.704878348282,0.75997286727,0.138702056783,1.002007882,1.00581065,1.56487581939,10295.6382721,8919.30360632,45174.4229143
314,11,1.0,0.0,0.0,2.0,0.704878348282,0.75997286727,-0.116258820499,1.002007882,1.00581065,1.01333923788,10295.6382721,8919.30360632,40433.3011791
315,11,1.0,0.0,0.0,2.0,0.704878348282,0.138702056783,-0.116258820499,1.002007882,1.56487581939,1.01333923788,10295.6382721,45174.4229143,40433.3011791
316,11,1.0,2.0,1.0,2.0,0.177811669804,-0.373470010694,-0.521880414452,1.26691693787,2.67039535479,1.18035076242,51659.6981427,128673.790693,12131.618292
317,11,1.0,2.0,1.0,0.0,0.177811669804,-0.373470010694,0.75997286727,1.26691693787,2.67039535479,1.00581065,51659.6981427,128673.790693,8919.30360632
318,11,1.0,2.0,1.0,0.0,0.177811669804,-0.373470010694,0.138702056783,1.26691693787,2.67039535479,1.56487581939,51659.6981427,128673.790693,45174.4229143
319,11,1.0,2.0,1.0,2.0,0.177811669804,-0.373470010694,-0.116258820499,1.26691693787,2.67039535479,1.01333923788,51659.6981427,128673.790693,40433.3011791
320,11,1.0,2.0,2.0,0.0,0.177811669804,-0.521880414452,0.75997286727,1.26691693787,1.18035076242,1.00581065,51659.6981427,12131.618292,8919.30360632
321,11,1.0,2.0,2.0,0.0,0.177811669804,-0.521880414452,0.138702056783,1.26691693787,1.18035076242,1.56487581939,51659.6981427,12131.618292,45174.4229143
322,11,1.0,2.0,2.0,2.0,0.177811669804,-0.521880414452,-0.116258820499,1.26691693787,1.18035076242,1.01333923788,51659.6981427,12131.618292,40433.3011791
323,11,1.0,2.0,0.0,0.0,0.177811669804,0.75997286727,0.138702056783,1.26691693787,1.00581065,1.56487581939,51659.6981427,8919.30360632,45174.4229143
324,11,1.0,2.0,0.0,2.0,0.177811669804,0.75997286727,-0.116258820499,1.26691693787,1.00581065,1.01333923788,51659.6981427,8919.30360632,40433.3011791
325,11,1.0,2.0,0.0,2.0,0.177811669804,0.138702056783,-0.116258820499,1.26691693787,1.56487581939,1.01333923788,51659.6981427,45174.4229143,40433.3011791
326,11,1.0,1.0,2.0,0.0,-0.373470010694,-0.521880414452,0.75997286727,2.67039535479,1.18035076242,1.00581065,128673.790693,12131.618292,8919.30360632
327,11,1.0,1.0,2.0,0.0,-0.373470010694,-0.521880414452,0.138702056783,2.67039535479,1.18035076242,1.56487581939,128673.790693,12131.618292,45174.4229143
328,11,1.0,1.0,2.0,2.0,-0.373470010694,-0.521880414452,-0.116258820499,2.67039535479,1.18035076242,1.01333923788,128673.790693,12131.618292,40433.3011791
329,11,1.0,1.0,0.0,0.0,-0.373470010694,0.75997286727,0.138702056783,2.67039535479,1.00581065,1.56487581939,128673.790693,8919.30360632,45174.4229143
330,11,1.0,1.0,0.0,2.0,-0.373470010694,0.75997286727,-0.116258820499,2.67039535479,1.00581065,1.01333923788,128673.790693,8919.30360632,40433.3011791
331,11,1.0,1.0,0.0,2.0,-0.373470010694,0.138702056783,-0.116258820499,2.67039535479,1.56487581939,1.01333923788,128673.790693,45174.4229143,40433.3011791
332,11,1.0,2.0,0.0,0.0,-0.521880414452,0.75997286727,0.138702056783,1.18035076242,1.00581065,1.56487581939,12131.618292,8919.30360632,45174.4229143
333,11,1.0,2.0,0.0,2.0,-0.521880414452,0.75997286727,-0.116258820499,1.18035076242,1.00581065,1.01333923788,12131.618292,8919.30360632,40433.3011791
334,11,1.0,2.0,0.0,2.0,-0.521880414452,0.138702056783,-0.116258820499,1.18035076242,1.56487581939,1.01333923788,12131.618292,45174.4229143,40433.3011791
335,11,1.0,0.0,0.0,2.0,0.75997286727,0.138702056783,-0.116258820499,1.00581065,1.56487581939,1.01333923788,8919.30360632,45174.4229143,40433.3011791
336,6,2.0,1.0,0.0,1.0,0.110325210492,0.276112437046,-0.30094701496,0.909954411963,0.790902585682,2.10779039649,20320.1481707,45931.4682361,91934.9099408
337,6,2.0,1.0,0.0,2.0,0.110325210492,0.276112437046,-0.0749469626565,0.909954411963,0.790902585682,0.931671783,20320.1481707,45931.4682361,45666.4912725
338,6,2.0,1.0,0.0,0.0,0.110325210492,0.276112437046,0.589252278393,0.909954411963,0.790902585682,0.793904177879,20320.1481707,45931.4682361,44808.3844088
339,6,2.0,1.0,0.0,1.0,0.110325210492,0.276112437046,0.177811669804,0.909954411963,0.790902585682,0.789317728818,20320.1481707,45931.4682361,51659.6981427
340,6,2.0,1.0,0.0,0.0,0.110325210492,0.276112437046,0.439906973257,0.909954411963,0.790902585682,1.23518422764,20320.1481707,45931.4682361,32853.192355
341,6,2.0,1.0,0.0,2.0,0.110325210492,0.276112437046,0.869102275766,0.909954411963,0.790902585682,0.799846625767,20320.1481707,45931.4682361,15304.3849259
342,6,2.0,1.0,1.0,2.0,0.110325210492,-0.30094701496,-0.0749469626565,0.909954411963,2.10779039649,0.931671783,20320.1481707,91934.9099408,45666.4912725
343,6,2.0,1.0,1.0,0.0,0.110325210492,-0.30094701496,0.589252278393,0.909954411963,2.10779039649,0.793904177879,20320.1481707,91934.9099408,44808.3844088
344,6,2.0,1.0,1.0,1.0,0.110325210492,-0.30094701496,0.177811669804,0.909954411963,2.10779039649,0.789317728818,20320.1481707,91934.9099408,51659.6981427
345,6,2.0,1.0,1.0,0.0,0.110325210492,-0.30094701496,0.439906973257,0.909954411963,2.10779039649,1.23518422764,20320.1481707,91934.9099408,32853.192355
346,6,2.0,1.0,1.0,2.0,0.110325210492,-0.30094701496,0.869102275766,0.909954411963,2.10779039649,0.799846625767,20320.1481707,91934.9099408,15304.3849259
347,6,2.0,1.0,2.0,0.0,0.110325210492,-0.0749469626565,0.589252278393,0.909954411963,0.931671783,0.793904177879,20320.1481707,45666.4912725,44808.3844088
348,6,2.0,1.0,2.0,1.0,0.110325210492,-0.0749469626565,0.177811669804,0.909954411963,0.931671783,0.789317728818,20320.1481707,45666.4912725,51659.6981427
349,6,2.0,1.0,2.0,0.0,0.110325210492,-0.0749469626565,0.439906973257,0.909954411963,0.931671783,1.23518422764,20320.1481707,45666.4912725,32853.192355
350,6,2.0,1.0,2.0,2.0,0.110325210492,-0.0749469626565,0.869102275766,0.909954411963,0.931671783,0.799846625767,20320.1481707,45666.4912725,15304.3849259
351,6,2.0,1.0,0.0,1.0,0.110325210492,0.589252278393,0.177811669804,0.909954411963,0.793904177879,0.789317728818,20320.1481707,44808.3844088,51659.6981427
352,6,2.0,1.0,0.0,0.0,0.110325210492,0.589252278393,0.439906973257,0.909954411963,0.793904177879,1.23518422764,20320.1481707,44808.3844088,32853.192355
353,6,2.0,1.0,0.0,2.0,0.110325210492,0.589252278393,0.869102275766,0.909954411963,0.793904177879,0.799846625767,20320.1481707,44808.3844088,15304.3849259
354,6,2.0,1.0,1.0,0.0,0.110325210492,0.177811669804,0.439906973257,0.909954411963,0.789317728818,1.23518422764,20320.1481707,51659.6981427,32853.192355
355,6,2.0,1.0,1.0,2.0,0.110325210492,0.177811669804,0.869102275766,0.909954411963,0.789317728818,0.799846625767,20320.1481707,51659.6981427,15304.3849259
356,6,2.0,1.0,0.0,2.0,0.110325210492,0.439906973257,0.869102275766,0.909954411963,1.23518422764,0.799846625767,20320.1481707,32853.192355,15304.3849259
357,6,2.0,0.0,1.0,2.0,0.276112437046,-0.30094701496,-0.0749469626565,0.790902585682,2.10779039649,0.931671783,45931.4682361,91934.9099408,45666.4912725
358,6,2.0,0.0,1.0,0.0,0.276112437046,-0.30094701496,0.589252278393,0.790902585682,2.10779039649,0.793904177879,45931.4682361,91934.9099408,44808.3844088
359,6,2.0,0.0,1.0,1.0,0.276112437046,-0.30094701496,0.177811669804,0.790902585682,2.10779039649,0.789317728818,45931.4682361,91934.9099408,51659.6981427
360,6,2.0,0.0,1.0,0.0,0.276112437046,-0.30094701496,0.439906973257,0.790902585682,2.10779039649,1.23518422764,45931.4682361,91934.9099408,32853.192355
361,6,2.0,0.0,1.0,2.0,0.276112437046,-0.30094701496,0.869102275766,0.790902585682,2.10779039649,0.799846625767,45931.4682361,91934.9099408,15304.3849259
362,6,2.0,0.0,2.0,0.0,0.276112437046,-0.0749469626565,0.589252278393,0.790902585682,0.931671783,0.793904177879,45931.4682361,45666.4912725,44808.3844088
363,6,2.0,0.0,2.0,1.0,0.276112437046,-0.0749469626565,0.177811669804,0.790902585682,0.931671783,0.789317728818,45931.4682361,45666.4912725,51659.6981427
364,6,2.0,0.0,2.0,0.0,0.276112437046,-0.0749469626565,0.439906973257,0.790902585682,0.931671783,1.23518422764,45931.4682361,45666.4912725,32853.192355
365,6,2.0,0.0,2.0,2.0,0.276112437046,-0.0749469626565,0.869102275766,0.790902585682,0.931671783,0.799846625767,45931.4682361,45666.4912725,15304.3849259
366,6,2.0,0.0,0.0,1.0,0.276112437046,0.589252278393,0.177811669804,0.790902585682,0.793904177879,0.789317728818,45931.4682361,44808.3844088,51659.6981427
367,6,2.0,0.0,0.0,0.0,0.276112437046,0.589252278393,0.439906973257,0.790902585682,0.793904177879,1.23518422764,45931.4682361,44808.3844088,32853.192355
368,6,2.0,0.0,0.0,2.0,0.276112437046,0.589252278393,0.869102275766,0.790902585682,0.793904177879,0.799846625767,45931.4682361,44808.3844088,15304.3849259
369,6,2.0,0.0,1.0,0.0,0.276112437046,0.177811669804,0.439906973257,0.790902585682,0.789317728818,1.23518422764,45931.4682361,51659.6981427,32853.192355
370,6,2.0,0.0,1.0,2.0,0.276112437046,0.177811669804,0.869102275766,0.790902585682,0.789317728818,0.799846625767,45931.4682361,51659.6981427,15304.3849259
371,6,2.0,0.0,0.0,2.0,0.276112437046,0.439906973257,0.869102275766,0.790902585682,1.23518422764,0.799846625767,45931.4682361,32853.192355,15304.3849259
372,6,2.0,1.0,2.0,0.0,-0.30094701496,-0.0749469626565,0.589252278393,2.10779039649,0.931671783,0.793904177879,91934.9099408,45666.4912725,44808.3844088
373,6,2.0,1.0,2.0,1.0,-0.30094701496,-0.0749469626565,0.177811669804,2.10779039649,0.931671783,0.789317728818,91934.9099408,45666.4912725,51659.6981427
374,6,2.0,1.0,2.0,0.0,-0.30094701496,-0.0749469626565,0.439906973257,2.10779039649,0.931671783,1.23518422764,91934.9099408,45666.4912725,32853.192355
375,6,2.0,1.0,2.0,2.0,-0.30094701496,-0.0749469626565,0.869102275766,2.10779039649,0.931671783,0.799846625767,91934.9099408,45666.4912725,15304.3849259
376,6,2.0,1.0,0.0,1.0,-0.30094701496,0.589252278393,0.177811669804,2.10779039649,0.793904177879,0.789317728818,91934.9099408,44808.3844088,51659.6981427
377,6,2.0,1.0,0.0,0.0,-0.30094701496,0.589252278393,0.439906973257,2.10779039649,0.793904177879,1.23518422764,91934.9099408,44808.3844088,32853.192355
378,6,2.0,1.0,0.0,2.0,-0.30094701496,0.589252278393,0.869102275766,2.10779039649,0.793904177879,0.799846625767,91934.9099408,44808.3844088,15304.3849259
379,6,2.0,1.0,1.0,0.0,-0.30094701496,0.177811669804,0.439906973257,2.10779039649,0.789317728818,1.23518422764,91934.9099408,51659.6981427,32853.192355
380,6,2.0,1.0,1.0,2.0,-0.30094701496,0.177811669804,0.869102275766,2.10779039649,0.789317728818,0.799846625767,91934.9099408,51659.6981427,15304.3849259
381,6,2.0,1.0,0.0,2.0,-0.30094701496,0.439906973257,0.869102275766,2.10779039649,1.23518422764,0.799846625767,91934.9099408,32853.192355,15304.3849259
382,6,2.0,2.0,0.0,1.0,-0.0749469626565,0.589252278393,0.177811669804,0.931671783,0.793904177879,0.789317728818,45666.4912725,44808.3844088,51659.6981427
383,6,2.0,2.0,0.0,0.0,-0.0749469626565,0.589252278393,0.439906973257,0.931671783,0.793904177879,1.23518422764,45666.4912725,44808.3844088,32853.192355
384,6,2.0,2.0,0.0,2.0,-0.0749469626565,0.589252278393,0.869102275766,0.931671783,0.793904177879,0.799846625767,45666.4912725,44808.3844088,15304.3849259
385,6,2.0,2.0,1.0,0.0,-0.0749469626565,0.177811669804,0.439906973257,0.931671783,0.789317728818,1.23518422764,45666.4912725,51659.6981427,32853.192355
386,6,2.0,2.0,1.0,2.0,-0.0749469626565,0.177811669804,0.869102275766,0.931671783,0.789317728818,0.799846625767,45666.4912725,51659.6981427,15304.3849259
387,6,2.0,2.0,0.0,2.0,-0.0749469626565,0.439906973257,0.869102275766,0.931671783,1.23518422764,0.799846625767,45666.4912725,32853.192355,15304.3849259
388,6,2.0,0.0,1.0,0.0,0.589252278393,0.177811669804,0.439906973257,0.793904177879,0.789317728818,1.23518422764,44808.3844088,51659.6981427,32853.192355
389,6,2.0,0.0,1.0,2.0,0.589252278393,0.177811669804,0.869102275766,0.793904177879,0.789317728818,0.799846625767,44808.3844088,51659.6981427,15304.3849259
390,6,2.0,0.0,0.0,2.0,0.589252278393,0.439906973257,0.869102275766,0.793904177879,1.23518422764,0.799846625767,44808.3844088,32853.192355,15304.3849259
391,6,2.0,1.0,0.0,2.0,0.177811669804,0.439906973257,0.869102275766,0.789317728818,1.23518422764,0.799846625767,51659.6981427,32853.192355,15304.3849259
392,12,0.0,1.0,0.0,2.0,0.0444538897516,0.721137431326,0.439906973257,0.736695297428,0.640311435315,0.809595830014,44788.0428176,46376.363889,32853.192355
393,12,0.0,1.0,0.0,1.0,0.0444538897516,0.721137431326,-0.120443368288,0.736695297428,0.640311435315,1.70645831554,44788.0428176,46376.363889,124706.212412
394,12,0.0,1.0,0.0,2.0,0.0444538897516,0.721137431326,-0.156233208294,0.736695297428,0.640311435315,0.754277590458,44788.0428176,46376.363889,33633.7874217
395,12,0.0,1.0,0.0,0.0,0.0444538897516,0.721137431326,0.450149766994,0.736695297428,0.640311435315,0.642741511841,44788.0428176,46376.363889,36264.971437
396,12,0.0,1.0,0.0,1.0,0.0444538897516,0.721137431326,0.138702056783,0.736695297428,0.640311435315,0.639028341807,44788.0428176,46376.363889,45174.4229143
397,12,0.0,1.0,0.0,2.0,0.0444538897516,0.721137431326,0.400748711257,0.736695297428,0.640311435315,0.647552492871,44788.0428176,46376.363889,19716.1502995
398,12,0.0,1.0,2.0,1.0,0.0444538897516,0.439906973257,-0.120443368288,0.736695297428,0.809595830014,1.70645831554,44788.0428176,32853.192355,124706.212412
399,12,0.0,1.0,2.0,2.0,0.0444538897516,0.439906973257,-0.156233208294,0.736695297428,0.809595830014,0.754277590458,44788.0428176,32853.192355,33633.7874217
400,12,0.0,1.0,2.0,0.0,0.0444538897516,0.439906973257,0.450149766994,0.736695297428,0.809595830014,0.642741511841,44788.0428176,32853.192355,36264.971437
401,12,0.0,1.0,2.0,1.0,0.0444538897516,0.439906973257,0.138702056783,0.736695297428,0.809595830014,0.639028341807,44788.0428176,32853.192355,45174.4229143
402,12,0.0,1.0,2.0,2.0,0.0444538897516,0.439906973257,0.400748711257,0.736695297428,0.809595830014,0.647552492871,44788.0428176,32853.192355,19716.1502995
403,12,0.0,1.0,1.0,2.0,0.0444538897516,-0.120443368288,-0.156233208294,0.736695297428,1.70645831554,0.754277590458,44788.0428176,124706.212412,33633.7874217
404,12,0.0,1.0,1.0,0.0,0.0444538897516,-0.120443368288,0.450149766994,0.736695297428,1.70645831554,0.642741511841,44788.0428176,124706.212412,36264.971437
405,12,0.0,1.0,1.0,1.0,0.0444538897516,-0.120443368288,0.138702056783,0.736695297428,1.70645831554,0.639028341807,44788.0428176,124706.212412,45174.4229143
406,12,0.0,1.0,1.0,2.0,0.0444538897516,-0.120443368288,0.400748711257,0.736695297428,1.70645831554,0.647552492871,44788.0428176,124706.212412,19716.1502995
407,12,0.0,1.0,2.0,0.0,0.0444538897516,-0.156233208294,0.450149766994,0.736695297428,0.754277590458,0.642741511841,44788.0428176,33633.7874217,36264.971437
408,12,0.0,1.0,2.0,1.0,0.0444538897516,-0.156233208294,0.138702056783,0.736695297428,0.754277590458,0.639028341807,44788.0428176,33633.7874217,45174.4229143
409,12,0.0,1.0,2.0,2.0,0.0444538897516,-0.156233208294,0.400748711257,0.736695297428,0.754277590458,0.647552492871,44788.0428176,33633.7874217,19716.1502995
410,12,0.0,1.0,0.0,1.0,0.0444538897516,0.450149766994,0.138702056783,0.736695297428,0.642741511841,0.639028341807,44788.0428176,36264.971437,45174.4229143
411,12,0.0,1.0,0.0,2.0,0.0444538897516,0.450149766994,0.400748711257,0.736695297428,0.642741511841,0.647552492871,44788.0428176,36264.971437,19716.1502995
412,12,0.0,1.0,1.0,2.0,0.0444538897516,0.138702056783,0.400748711257,0.736695297428,0.639028341807,0.647552492871,44788.0428176,45174.4229143,19716.1502995
413,12,0.0,0.0,2.0,1.0,0.721137431326,0.439906973257,-0.120443368288,0.640311435315,0.809595830014,1.70645831554,46376.363889,32853.192355,124706.212412
414,12,0.0,0.0,2.0,2.0,0.721137431326,0.439906973257,-0.156233208294,0.640311435315,0.809595830014,0.754277590458,46376.363889,32853.192355,33633.7874217
415,12,0.0,0.0,2.0,0.0,0.721137431326,0.439906973257,0.450149766994,0.640311435315,0.809595830014,0.642741511841,46376.363889,32853.192355,36264.971437
416,12,0.0,0.0,2.0,1.0,0.721137431326,0.439906973257,0.138702056783,0.640311435315,0.809595830014,0.639028341807,46376.363889,32853.192355,45174.4229143
417,12,0.0,0.0,2.0,2.0,0.721137431326,0.439906973257,0.400748711257,0.640311435315,0.809595830014,0.647552492871,46376.363889,32853.192355,19716.1502995
418,12,0.0,0.0,1.0,2.0,0.721137431326,-0.120443368288,-0.156233208294,0.640311435315,1.70645831554,0.754277590458,46376.363889,124706.212412,33633.7874217
419,12,0.0,0.0,1.0,0.0,0.721137431326,-0.120443368288,0.450149766994,0.640311435315,1.70645831554,0.642741511841,46376.363889,124706.212412,36264.971437
420,12,0.0,0.0,1.0,1.0,0.721137431326,-0.120443368288,0.138702056783,0.640311435315,1.70645831554,0.639028341807,46376.363889,124706.212412,45174.4229143
421,12,0.0,0.0,1.0,2.0,0.721137431326,-0.120443368288,0.400748711257,0.640311435315,1.70645831554,0.647552492871,46376.363889,124706.212412,19716.1502995
422,12,0.0,0.0,2.0,0.0,0.721137431326,-0.156233208294,0.450149766994,0.640311435315,0.754277590458,0.642741511841,46376.363889,33633.7874217,36264.971437
423,12,0.0,0.0,2.0,1.0,0.721137431326,-0.156233208294,0.138702056783,0.640311435315,0.754277590458,0.639028341807,46376.363889,33633.7874217,45174.4229143
424,12,0.0,0.0,2.0,2.0,0.721137431326,-0.156233208294,0.400748711257,0.640311435315,0.754277590458,0.647552492871,46376.363889,33633.7874217,19716.1502995
425,12,0.0,0.0,0.0,1.0,0.721137431326,0.450149766994,0.138702056783,0.640311435315,0.642741511841,0.639028341807,46376.363889,36264.971437,45174.4229143
426,12,0.0,0.0,0.0,2.0,0.721137431326,0.450149766994,0.400748711257,0.640311435315,0.642741511841,0.647552492871,46376.363889,36264.971437,19716.1502995
427,12,0.0,0.0,1.0,2.0,0.721137431326,0.138702056783,0.400748711257,0.640311435315,0.639028341807,0.647552492871,46376.363889,45174.4229143,19716.1502995
428,12,0.0,2.0,1.0,2.0,0.439906973257,-0.120443368288,-0.156233208294,0.809595830014,1.70645831554,0.754277590458,32853.192355,124706.212412,33633.7874217
429,12,0.0,2.0,1.0,0.0,0.439906973257,-0.120443368288,0.450149766994,0.809595830014,1.70645831554,0.642741511841,32853.192355,124706.212412,36264.971437
430,12,0.0,2.0,1.0,1.0,0.439906973257,-0.120443368288,0.138702056783,0.809595830014,1.70645831554,0.639028341807,32853.192355,124706.212412,45174.4229143
431,12,0.0,2.0,1.0,2.0,0.439906973257,-0.120443368288,0.400748711257,0.809595830014,1.70645831554,0.647552492871,32853.192355,124706.212412,19716.1502995
432,12,0.0,2.0,2.0,0.0,0.439906973257,-0.156233208294,0.450149766994,0.809595830014,0.754277590458,0.642741511841,32853.192355,33633.7874217,36264.971437
433,12,0.0,2.0,2.0,1.0,0.439906973257,-0.156233208294,0.138702056783,0.809595830014,0.754277590458,0.639028341807,32853.192355,33633.7874217,45174.4229143
434,12,0.0,2.0,2.0,2.0,0.439906973257,-0.156233208294,0.400748711257,0.809595830014,0.754277590458,0.647552492871,32853.192355,33633.7874217,19716.1502995
435,12,0.0,2.0,0.0,1.0,0.439906973257,0.450149766994,0.138702056783,0.809595830014,0.642741511841,0.639028341807,32853.192355,36264.971437,45174.4229143
436,12,0.0,2.0,0.0,2.0,0.439906973257,0.450149766994,0.400748711257,0.809595830014,0.642741511841,0.647552492871,32853.192355,36264.971437,19716.1502995
437,12,0.0,2.0,1.0,2.0,0.439906973257,0.138702056783,0.400748711257,0.809595830014,0.639028341807,0.647552492871,32853.192355,45174.4229143,19716.1502995
438,12,0.0,1.0,2.0,0.0,-0.120443368288,-0.156233208294,0.450149766994,1.70645831554,0.754277590458,0.642741511841,124706.212412,33633.7874217,36264.971437
439,12,0.0,1.0,2.0,1.0,-0.120443368288,-0.156233208294,0.138702056783,1.70645831554,0.754277590458,0.639028341807,124706.212412,33633.7874217,45174.4229143
440,12,0.0,1.0,2.0,2.0,-0.120443368288,-0.156233208294,0.400748711257,1.70645831554,0.754277590458,0.647552492871,124706.212412,33633.7874217,19716.1502995
441,12,0.0,1.0,0.0,1.0,-0.120443368288,0.450149766994,0.138702056783,1.70645831554,0.642741511841,0.639028341807,124706.212412,36264.971437,45174.4229143
442,12,0.0,1.0,0.0,2.0,-0.120443368288,0.450149766994,0.400748711257,1.70645831554,0.642741511841,0.647552492871,124706.212412,36264.971437,19716.1502995
443,12,0.0,1.0,1.0,2.0,-0.120443368288,0.138702056783,0.400748711257,1.70645831554,0.639028341807,0.647552492871,124706.212412,45174.4229143,19716.1502995
444,12,0.0,2.0,0.0,1.0,-0.156233208294,0.450149766994,0.138702056783,0.754277590458,0.642741511841,0.639028341807,33633.7874217,36264.971437,45174.4229143
445,12,0.0,2.0,0.0,2.0,-0.156233208294,0.450149766994,0.400748711257,0.754277590458,0.642741511841,0.647552492871,33633.7874217,36264.971437,19716.1502995
446,12,0.0,2.0,1.0,2.0,-0.156233208294,0.138702056783,0.400748711257,0.754277590458,0.639028341807,0.647552492871,33633.7874217,45174.4229143,19716.1502995
447,12,0.0,0.0,1.0,2.0,0.450149766994,0.138702056783,0.400748711257,0.642741511841,0.639028341807,0.647552492871,36264.971437,45174.4229143,19716.1502995
448,14,2.0,1.0,0.0,2.0,-0.116271568053,-0.00879187332626,0.869102275766,1.13766112483,0.988817806069,1.25023969319,25333.8645109,37158.5288062,15304.3849259
449,14,2.0,1.0,0.0,1.0,-0.116271568053,-0.00879187332626,-0.0801622279055,1.13766112483,0.988817806069,2.63524321863,25333.8645109,37158.5288062,106565.954786
450,14,2.0,1.0,0.0,2.0,-0.116271568053,-0.00879187332626,-0.153536671831,1.13766112483,0.988817806069,1.16481304413,25333.8645109,37158.5288062,32324.0330417
451,14,2.0,1.0,0.0,0.0,-0.116271568053,-0.00879187332626,0.349823635509,1.13766112483,0.988817806069,0.992570515776,25333.8645109,37158.5288062,32446.3826082
452,14,2.0,1.0,0.0,1.0,-0.116271568053,-0.00879187332626,-0.116258820499,1.13766112483,0.988817806069,0.986836355109,25333.8645109,37158.5288062,40433.3011791
453,14,2.0,1.0,0.0,0.0,-0.116271568053,-0.00879187332626,0.400748711257,1.13766112483,0.988817806069,1.54427634981,25333.8645109,37158.5288062,19716.1502995
454,14,2.0,1.0,2.0,1.0,-0.116271568053,0.869102275766,-0.0801622279055,1.13766112483,1.25023969319,2.63524321863,25333.8645109,15304.3849259,106565.954786
455,14,2.0,1.0,2.0,2.0,-0.116271568053,0.869102275766,-0.153536671831,1.13766112483,1.25023969319,1.16481304413,25333.8645109,15304.3849259,32324.0330417
456,14,2.0,1.0,2.0,0.0,-0.116271568053,0.869102275766,0.349823635509,1.13766112483,1.25023969319,0.992570515776,25333.8645109,15304.3849259,32446.3826082
457,14,2.0,1.0,2.0,1.0,-0.116271568053,0.869102275766,-0.116258820499,1.13766112483,1.25023969319,0.986836355109,25333.8645109,15304.3849259,40433.3011791
458,14,2.0,1.0,2.0,0.0,-0.116271568053,0.869102275766,0.400748711257,1.13766112483,1.25023969319,1.54427634981,25333.8645109,15304.3849259,19716.1502995
459,14,2.0,1.0,1.0,2.0,-0.116271568053,-0.0801622279055,-0.153536671831,1.13766112483,2.63524321863,1.16481304413,25333.8645109,106565.954786,32324.0330417
460,14,2.0,1.0,1.0,0.0,-0.116271568053,-0.0801622279055,0.349823635509,1.13766112483,2.63524321863,0.992570515776,25333.8645109,106565.954786,32446.3826082
461,14,2.0,1.0,1.0,1.0,-0.116271568053,-0.0801622279055,-0.116258820499,1.13766112483,2.63524321863,0.986836355109,25333.8645109,106565.954786,40433.3011791
462,14,2.0,1.0,1.0,0.0,-0.116271568053,-0.0801622279055,0.400748711257,1.13766112483,2.63524321863,1.54427634981,25333.8645109,106565.954786,19716.1502995
463,14,2.0,1.0,2.0,0.0,-0.116271568053,-0.153536671831,0.349823635509,1.13766112483,1.16481304413,0.992570515776,25333.8645109,32324.0330417,32446.3826082
464,14,2.0,1.0,2.0,1.0,-0.116271568053,-0.153536671831,-0.116258820499,1.13766112483,1.16481304413,0.986836355109,25333.8645109,32324.0330417,40433.3011791
465,14,2.0,1.0,2.0,0.0,-0.116271568053,-0.153536671831,0.400748711257,1.13766112483,1.16481304413,1.54427634981,25333.8645109,32324.0330417,19716.1502995
466,14,2.0,1.0,0.0,1.0,-0.116271568053,0.349823635509,-0.116258820499,1.13766112483,0.992570515776,0.986836355109,25333.8645109,32446.3826082,40433.3011791
467,14,2.0,1.0,0.0,0.0,-0.116271568053,0.349823635509,0.400748711257,1.13766112483,0.992570515776,1.54427634981,25333.8645109,32446.3826082,19716.1502995
468,14,2.0,1.0,1.0,0.0,-0.116271568053,-0.116258820499,0.400748711257,1.13766112483,0.986836355109,1.54427634981,25333.8645109,40433.3011791,19716.1502995
469,14,2.0,0.0,2.0,1.0,-0.00879187332626,0.869102275766,-0.0801622279055,0.988817806069,1.25023969319,2.63524321863,37158.5288062,15304.3849259,106565.954786
470,14,2.0,0.0,2.0,2.0,-0.00879187332626,0.869102275766,-0.153536671831,0.988817806069,1.25023969319,1.16481304413,37158.5288062,15304.3849259,32324.0330417
471,14,2.0,0.0,2.0,0.0,-0.00879187332626,0.869102275766,0.349823635509,0.988817806069,1.25023969319,0.992570515776,37158.5288062,15304.3849259,32446.3826082
472,14,2.0,0.0,2.0,1.0,-0.00879187332626,0.869102275766,-0.116258820499,0.988817806069,1.25023969319,0.986836355109,37158.5288062,15304.3849259,40433.3011791
473,14,2.0,0.0,2.0,0.0,-0.00879187332626,0.869102275766,0.400748711257,0.988817806069,1.25023969319,1.54427634981,37158.5288062,15304.3849259,19716.1502995
474,14,2.0,0.0,1.0,2.0,-0.00879187332626,-0.0801622279055,-0.153536671831,0.988817806069,2.63524321863,1.16481304413,37158.5288062,106565.954786,32324.0330417
475,14,2.0,0.0,1.0,0.0,-0.00879187332626,-0.0801622279055,0.349823635509,0.988817806069,2.63524321863,0.992570515776,37158.5288062,106565.954786,32446.3826082
476,14,2.0,0.0,1.0,1.0,-0.00879187332626,-0.0801622279055,-0.116258820499,0.988817806069,2.63524321863,0.986836355109,37158.5288062,106565.954786,40433.3011791
477,14,2.0,0.0,1.0,0.0,-0.00879187332626,-0.0801622279055,0.400748711257,0.988817806069,2.63524321863,1.54427634981,37158.5288062,106565.954786,19716.1502995
478,14,2.0,0.0,2.0,0.0,-0.00879187332626,-0.153536671831,0.349823635509,0.988817806069,1.16481304413,0.992570515776,37158.5288062,32324.0330417,32446.3826082
479,14,2.0,0.0,2.0,1.0,-0.00879187332626,-0.153536671831,-0.116258820499,0.988817806069,1.16481304413,0.986836355109,37158.5288062,32324.0330417,40433.3011791
480,14,2.0,0.0,2.0,0.0,-0.00879187332626,-0.153536671831,0.400748711257,0.988817806069,1.16481304413,1.54427634981,37158.5288062,32324.0330417,19716.1502995
481,14,2.0,0.0,0.0,1.0,-0.00879187332626,0.349823635509,-0.116258820499,0.988817806069,0.992570515776,0.986836355109,37158.5288062,32446.3826082,40433.3011791
482,14,2.0,0.0,0.0,0.0,-0.00879187332626,0.349823635509,0.400748711257,0.988817806069,0.992570515776,1.54427634981,37158.5288062,32446.3826082,19716.1502995
483,14,2.0,0.0,1.0,0.0,-0.00879187332626,-0.116258820499,0.400748711257,0.988817806069,0.986836355109,1.54427634981,37158.5288062,40433.3011791,19716.1502995
484,14,2.0,2.0,1.0,2.0,0.869102275766,-0.0801622279055,-0.153536671831,1.25023969319,2.63524321863,1.16481304413,15304.3849259,106565.954786,32324.0330417
485,14,2.0,2.0,1.0,0.0,0.869102275766,-0.0801622279055,0.349823635509,1.25023969319,2.63524321863,0.992570515776,15304.3849259,106565.954786,32446.3826082
486,14,2.0,2.0,1.0,1.0,0.869102275766,-0.0801622279055,-0.116258820499,1.25023969319,2.63524321863,0.986836355109,15304.3849259,106565.954786,40433.3011791
487,14,2.0,2.0,1.0,0.0,0.869102275766,-0.0801622279055,0.400748711257,1.25023969319,2.63524321863,1.54427634981,15304.3849259,106565.954786,19716.1502995
488,14,2.0,2.0,2.0,0.0,0.869102275766,-0.153536671831,0.349823635509,1.25023969319,1.16481304413,0.992570515776,15304.3849259,32324.0330417,32446.3826082
489,14,2.0,2.0,2.0,1.0,0.869102275766,-0.153536671831,-0.116258820499,1.25023969319,1.16481304413,0.986836355109,15304.3849259,32324.0330417,40433.3011791
490,14,2.0,2.0,2.0,0.0,0.869102275766,-0.153536671831,0.400748711257,1.25023969319,1.16481304413,1.54427634981,15304.3849259,32324.0330417,19716.1502995
491,14,2.0,2.0,0.0,1.0,0.869102275766,0.349823635509,-0.116258820499,1.25023969319,0.992570515776,0.986836355109,15304.3849259,32446.3826082,40433.3011791
492,14,2.0,2.0,0.0,0.0,0.869102275766,0.349823635509,0.400748711257,1.25023969319,0.992570515776,1.54427634981,15304.3849259,32446.3826082,19716.1502995
493,14,2.0,2.0,1.0,0.0,0.869102275766,-0.116258820499,0.400748711257,1.25023969319,0.986836355109,1.54427634981,15304.3849259,40433.3011791,19716.1502995
494,14,2.0,1.0,2.0,0.0,-0.0801622279055,-0.153536671831,0.349823635509,2.63524321863,1.16481304413,0.992570515776,106565.954786,32324.0330417,32446.3826082
495,14,2.0,1.0,2.0,1.0,-0.0801622279055,-0.153536671831,-0.116258820499,2.63524321863,1.16481304413,0.986836355109,106565.954786,32324.0330417,40433.3011791
496,14,2.0,1.0,2.0,0.0,-0.0801622279055,-0.153536671831,0.400748711257,2.63524321863,1.16481304413,1.54427634981,106565.954786,32324.0330417,19716.1502995
497,14,2.0,1.0,0.0,1.0,-0.0801622279055,0.349823635509,-0.116258820499,2.63524321863,0.992570515776,0.986836355109,106565.954786,32446.3826082,40433.3011791
498,14,2.0,1.0,0.0,0.0,-0.0801622279055,0.349823635509,0.400748711257,2.63524321863,0.992570515776,1.54427634981,106565.954786,32446.3826082,19716.1502995
499,14,2.0,1.0,1.0,0.0,-0.0801622279055,-0.116258820499,0.400748711257,2.63524321863,0.986836355109,1.54427634981,106565.954786,40433.3011791,19716.1502995
500,14,2.0,2.0,0.0,1.0,-0.153536671831,0.349823635509,-0.116258820499,1.16481304413,0.992570515776,0.986836355109,32324.0330417,32446.3826082,40433.3011791
501,14,2.0,2.0,0.0,0.0,-0.153536671831,0.349823635509,0.400748711257,1.16481304413,0.992570515776,1.54427634981,32324.0330417,32446.3826082,19716.1502995
502,14,2.0,2.0,1.0,0.0,-0.153536671831,-0.116258820499,0.400748711257,1.16481304413,0.986836355109,1.54427634981,32324.0330417,40433.3011791,19716.1502995
503,14,2.0,0.0,1.0,0.0,0.349823635509,-0.116258820499,0.400748711257,0.992570515776,0.986836355109,1.54427634981,32446.3826082,40433.3011791,19716.1502995
